fips,population,median_household_income,cluster_model4,color
23029,32191.0,38083.0,45,green
13191,14007.0,42988.0,34,green
13179,64427.0,42201.0,1,green
9003,896943.0,66395.0,26,red
9013,151948.0,79626.0,25,red
9015,117470.0,59392.0,23,orange
25019,10556.0,84057.0,12,red
24023,29813.0,45432.0,34,orange
50027,56150.0,52965.0,4,orange
33019,43135.0,56032.0,22,orange
33001,60399.0,62159.0,10,orange
33005,76430.0,57782.0,22,orange
33017,125273.0,60711.0,23,orange
36123,25187.0,49510.0,40,orange
36003,48070.0,42776.0,1,green
36007,198093.0,46261.0,32,orange
36009,78962.0,42601.0,1,green
36015,88267.0,50320.0,39,orange
36017,49549.0,45668.0,34,orange
36023,49043.0,49514.0,40,orange
36025,46901.0,43720.0,34,green
36037,59458.0,50880.0,40,orange
36041,4760.0,48243.0,11,orange
36049,27124.0,49819.0,40,orange
36051,64801.0,51734.0,4,orange
36053,72427.0,54145.0,4,orange
36057,49779.0,43764.0,34,green
36067,468304.0,55092.0,44,orange
36069,109192.0,57416.0,23,orange
36071,375384.0,70848.0,5,red
36077,61399.0,48588.0,39,orange
36079,99488.0,96148.0,47,red
36087,320688.0,84855.0,12,red
36095,31913.0,51195.0,40,orange
36097,18410.0,47680.0,11,orange
36099,35144.0,49292.0,40,orange
36101,98665.0,47280.0,39,orange
36105,76330.0,50710.0,40,orange
36107,50199.0,57514.0,22,orange
36109,103855.0,52624.0,41,orange
36121,41446.0,52564.0,4,orange
42001,101767.0,60356.0,46,orange
42003,1231145.0,53040.0,21,red
42005,67979.0,44942.0,34,green
42007,169785.0,50581.0,41,orange
42009,49086.0,45930.0,11,orange
42013,126448.0,43981.0,32,green
42015,62228.0,48987.0,39,orange
42019,185689.0,60934.0,23,orange
42021,139381.0,42107.0,32,green
42023,4869.0,39897.0,45,green
42031,39454.0,42536.0,1,green
42033,81343.0,42257.0,1,green
42037,66912.0,45374.0,34,orange
42039,87343.0,44579.0,32,green
42041,241427.0,61820.0,0,orange
42043,271094.0,53754.0,15,orange
42047,31370.0,46671.0,11,orange
42053,7581.0,35533.0,24,green
42055,152285.0,53916.0,41,orange
42057,14694.0,48311.0,11,orange
42059,37938.0,46661.0,11,orange
42061,45906.0,44396.0,34,green
42063,87895.0,45195.0,32,orange
42065,44756.0,42903.0,1,green
42067,24829.0,47398.0,11,orange
42069,213459.0,46271.0,20,orange
42071,530216.0,57721.0,44,orange
42073,89162.0,44571.0,32,green
42075,135776.0,55499.0,41,orange
42079,320095.0,45897.0,20,orange
42083,42884.0,43965.0,34,green
42085,115320.0,44156.0,32,green
42087,46675.0,41288.0,1,green
42093,18508.0,54648.0,22,orange
42099,45677.0,57177.0,22,orange
42103,56632.0,60180.0,46,orange
42105,17377.0,40654.0,1,green
42107,146360.0,45535.0,32,orange
42109,40046.0,49917.0,40,orange
42111,76617.0,44587.0,34,green
42113,6381.0,44189.0,34,green
42115,42369.0,50477.0,40,orange
42117,42284.0,46494.0,11,orange
42119,44958.0,49803.0,40,orange
42121,53906.0,43644.0,34,green
42123,40962.0,44020.0,34,green
42125,208226.0,56450.0,23,orange
42131,28147.0,51004.0,40,orange
42133,439660.0,58269.0,44,orange
44005,82663.0,69526.0,35,red
51141,18264.0,33982.0,8,green
51143,62794.0,41824.0,1,green
51155,34528.0,47495.0,11,orange
51161,93633.0,60519.0,46,orange
51163,22444.0,48901.0,40,orange
51167,28245.0,35045.0,24,green
51169,22570.0,37240.0,45,green
51173,31734.0,37983.0,45,green
51185,43870.0,37664.0,45,green
51191,54759.0,43310.0,34,green
51195,40530.0,37407.0,45,green
51197,29190.0,41360.0,1,green
51005,16066.0,45007.0,34,green
51035,29856.0,35000.0,24,green
51031,55012.0,47699.0,11,orange
51089,52580.0,35293.0,24,green
51121,96467.0,46663.0,39,orange
51083,35506.0,35240.0,24,green
51077,15573.0,29942.0,48,green
51071,16907.0,46390.0,11,orange
51067,56315.0,46870.0,11,orange
51063,15523.0,48005.0,11,orange
51051,15463.0,33624.0,8,green
51045,5212.0,44330.0,34,green
51037,12313.0,35079.0,24,green
51029,17068.0,40331.0,1,green
51027,23486.0,29679.0,48,green
51023,33155.0,60454.0,46,orange
51021,6662.0,45294.0,34,green
51019,76463.0,56316.0,22,orange
51017,4583.0,43646.0,34,green
51011,15208.0,48823.0,40,orange
51009,32148.0,47558.0,11,orange
51105,25206.0,31086.0,8,green
50015,25027.0,50939.0,40,orange
50017,28929.0,53869.0,4,orange
50003,36589.0,49573.0,40,orange
50019,27146.0,42831.0,1,green
50023,59132.0,58788.0,46,orange
50013,6952.0,62608.0,10,orange
54081,78493.0,41032.0,1,green
54079,56596.0,56774.0,22,orange
54077,33809.0,45064.0,34,green
54075,8697.0,36827.0,24,green
54073,7636.0,44288.0,34,green
54069,43637.0,40569.0,1,green
54067,25930.0,39171.0,45,green
54063,13525.0,36918.0,24,green
54061,101668.0,45467.0,32,orange
54059,25931.0,33221.0,8,green
54055,61891.0,36195.0,24,green
54053,27177.0,36448.0,24,green
54051,32480.0,45182.0,34,green
54049,56790.0,43165.0,34,green
54047,20802.0,24921.0,17,green
54045,35760.0,36763.0,24,green
54043,21560.0,35800.0,24,green
54039,190781.0,45882.0,32,orange
54035,29256.0,41314.0,1,green
54029,30201.0,39959.0,45,green
54025,35666.0,39746.0,45,green
54083,29365.0,39457.0,45,green
54021,8644.0,37536.0,45,green
54019,45534.0,36293.0,24,green
54015,9141.0,31325.0,8,green
54013,7557.0,35568.0,24,green
54011,96824.0,38344.0,45,green
54009,23665.0,46215.0,11,orange
54007,14466.0,32750.0,8,green
54005,24000.0,39958.0,45,green
54103,16157.0,39096.0,45,green
54105,5841.0,39352.0,45,green
54107,86559.0,41884.0,1,green
54109,22866.0,33730.0,8,green
54001,16731.0,37066.0,24,green
54091,16977.0,43970.0,34,green
54101,8927.0,29086.0,48,green
54099,41499.0,36318.0,24,green
54097,24560.0,40330.0,1,green
54095,9033.0,38854.0,45,green
54093,6972.0,40533.0,1,green
54089,13544.0,36651.0,24,green
54087,14636.0,31813.0,8,green
54085,10140.0,37636.0,45,green
42097,94006.0,42406.0,32,green
23001,107393.0,47537.0,39,orange
34017,662619.0,59741.0,44,red
36085,472481.0,73197.0,37,red
34013,791609.0,53976.0,6,orange
36085,472481.0,73197.0,37,red
34017,662619.0,59741.0,44,red
34003,926330.0,85806.0,19,red
36119,967315.0,83958.0,19,red
36005,1428357.0,34299.0,42,green
36061,1629507.0,72871.0,38,red
36005,1428357.0,34299.0,42,green
44001,49176.0,72458.0,35,red
25007,17048.0,64222.0,10,orange
36063,214150.0,49449.0,41,orange
36117,92416.0,50798.0,39,orange
36075,121183.0,47860.0,39,orange
36073,42204.0,46359.0,11,orange
36055,749356.0,52553.0,6,orange
23013,39723.0,50693.0,40,orange
23023,35092.0,53298.0,4,orange
23015,34156.0,50462.0,40,orange
33013,147262.0,65983.0,28,orange
34039,548744.0,69594.0,37,red
42051,134851.0,39636.0,43,green
42129,361251.0,52247.0,15,orange
25017,1556116.0,85118.0,27,red
9009,862224.0,61640.0,26,red
9005,186304.0,72061.0,5,red
25027,810935.0,65313.0,26,red
25003,129288.0,49956.0,39,orange
25011,71144.0,55221.0,22,orange
25015,160759.0,61368.0,23,orange
25021,687721.0,88262.0,7,red
23021,17156.0,37495.0,45,green
23025,51577.0,40066.0,1,green
23003,70005.0,36923.0,24,green
23017,57421.0,40630.0,1,green
23019,153437.0,44271.0,32,green
33003,47513.0,53306.0,4,orange
33011,403972.0,71244.0,5,red
34031,507574.0,59739.0,44,orange
36119,967315.0,83958.0,19,red
36115,62700.0,51143.0,40,orange
36113,65180.0,56798.0,22,orange
36035,54606.0,46969.0,11,orange
36031,38912.0,52758.0,4,orange
36019,81685.0,49930.0,39,orange
36033,51280.0,47923.0,11,orange
36011,79173.0,52082.0,4,orange
36065,233558.0,48246.0,20,orange
36043,64034.0,46229.0,11,orange
36093,154796.0,58114.0,23,orange
36001,307463.0,59887.0,0,orange
36039,48312.0,50278.0,40,orange
36111,181300.0,58918.0,23,orange
36027,296928.0,71904.0,5,red
36021,62195.0,59105.0,46,orange
36083,159900.0,60709.0,23,orange
36091,223774.0,71496.0,5,red
36089,112011.0,44705.0,32,green
42027,157823.0,52186.0,41,orange
42081,116656.0,47313.0,39,orange
42127,51642.0,49919.0,40,orange
42049,279858.0,45971.0,20,orange
42035,39614.0,45078.0,34,green
44007,630459.0,49743.0,30,orange
44009,126405.0,72807.0,35,red
50007,159711.0,65350.0,28,orange
50001,36943.0,59688.0,46,orange
50021,60530.0,49372.0,40,orange
50025,43858.0,51045.0,40,orange
50011,48418.0,58199.0,46,orange
25009,763849.0,69068.0,26,red
25023,503681.0,75459.0,37,red
25013,468041.0,50461.0,30,orange
44003,164958.0,64383.0,28,orange
33015,299006.0,81198.0,25,red
34039,548744.0,69594.0,37,red
23031,199682.0,57919.0,23,orange
23005,286119.0,60051.0,0,orange
23007,30402.0,42811.0,1,green
34003,926330.0,85806.0,19,red
9011,273185.0,66233.0,0,red
25025,758919.0,55044.0,6,red
23027,38976.0,44082.0,34,green
23009,54658.0,47030.0,11,orange
36059,1354612.0,99465.0,27,red
34013,791609.0,53976.0,6,orange
25001,214766.0,63251.0,0,orange
23011,121112.0,46917.0,39,orange
9007,165165.0,79893.0,25,red
9001,939983.0,84233.0,19,red
33007,31870.0,42312.0,1,green
50005,31012.0,45323.0,34,green
21151,85838.0,42390.0,1,green
21153,12979.0,28500.0,48,green
21155,19717.0,38826.0,45,green
21157,31181.0,45212.0,34,green
21159,12631.0,25795.0,48,green
21161,17296.0,38824.0,45,green
21163,29098.0,49884.0,40,orange
21165,6343.0,31503.0,8,green
21167,21342.0,42083.0,1,green
21169,9985.0,32294.0,8,green
21171,10765.0,31045.0,8,green
21173,27167.0,39275.0,45,green
21175,13428.0,29707.0,48,green
21177,31309.0,38961.0,45,green
21179,44564.0,49298.0,40,orange
21181,7075.0,36097.0,24,green
21183,24065.0,40189.0,1,green
21185,63037.0,85452.0,12,red
21187,10711.0,41934.0,1,green
21189,4616.0,20985.0,17,green
21191,14514.0,48353.0,11,orange
21193,28041.0,32667.0,8,green
21195,63434.0,33183.0,8,green
21197,12447.0,29736.0,48,green
21199,63635.0,34790.0,24,green
21201,2208.0,31741.0,8,green
21203,16942.0,31555.0,8,green
21205,23608.0,36860.0,24,green
21207,17669.0,30720.0,8,green
21209,50178.0,63027.0,10,orange
21211,44290.0,60324.0,46,orange
21213,17704.0,39679.0,45,green
21215,17577.0,63000.0,10,orange
21217,24993.0,33340.0,8,green
21219,12524.0,40497.0,1,green
21221,14250.0,44083.0,34,green
21223,8783.0,47409.0,11,orange
21225,15138.0,40120.0,1,green
21227,118950.0,44911.0,32,green
21229,11910.0,40976.0,1,green
21231,20655.0,28573.0,48,green
21233,13357.0,38917.0,45,green
21235,35794.0,31014.0,8,green
21237,7261.0,20504.0,17,green
21239,25317.0,58750.0,46,orange
21129,7119.0,22698.0,17,green
21075,6422.0,28359.0,48,green
21001,18852.0,33362.0,8,green
21003,20355.0,41326.0,1,green
21005,21761.0,53974.0,4,orange
21007,8256.0,42244.0,1,green
21009,42925.0,38370.0,45,green
21011,11978.0,33483.0,8,green
21013,27950.0,22443.0,17,green
21015,124617.0,66730.0,28,orange
21017,20013.0,45208.0,34,green
21019,48917.0,42319.0,1,green
21021,29388.0,39704.0,45,green
21023,8425.0,36327.0,24,green
21025,13591.0,25817.0,48,green
21027,20061.0,43479.0,34,green
21029,76961.0,55975.0,22,orange
21031,12835.0,33536.0,8,green
21033,12826.0,42537.0,1,green
21035,38106.0,37034.0,24,green
21037,91475.0,54621.0,22,orange
21039,4984.0,38829.0,45,green
21041,10830.0,41439.0,1,green
21043,27326.0,36696.0,24,green
21045,15954.0,32341.0,8,green
21047,74159.0,39521.0,45,green
21049,35657.0,47959.0,11,orange
21051,21300.0,21549.0,17,green
21107,46518.0,42346.0,1,green
21055,9222.0,35316.0,24,green
21057,6807.0,32019.0,8,green
21059,98173.0,45989.0,32,orange
21061,12105.0,41710.0,1,green
21063,7725.0,28224.0,48,green
21065,14476.0,29770.0,48,green
21067,308306.0,49778.0,15,orange
21069,14544.0,35469.0,24,green
21071,38649.0,30096.0,48,green
21073,49778.0,47964.0,11,orange
21077,8567.0,48370.0,11,orange
21079,16976.0,44243.0,34,green
21081,24670.0,44824.0,34,green
21083,37502.0,39530.0,45,green
21085,26001.0,35030.0,24,green
21087,11149.0,34982.0,24,green
21089,36477.0,45370.0,34,green
21091,8669.0,50476.0,40,orange
21093,107529.0,50765.0,39,orange
21095,28400.0,25814.0,48,green
21097,18648.0,35681.0,24,green
21105,4720.0,41218.0,1,green
21103,15455.0,46495.0,11,orange
21101,46396.0,41036.0,1,green
21099,18441.0,34774.0,24,green
21125,59751.0,36020.0,24,green
21053,10188.0,28025.0,48,green
26143,24068.0,35133.0,24,green
26145,196479.0,43042.0,32,green
26149,61022.0,44449.0,34,green
26155,69113.0,48233.0,39,orange
26161,354092.0,61003.0,0,orange
28005,12840.0,30704.0,8,green
28007,19175.0,32886.0,8,green
28009,8470.0,33141.0,8,green
28001,31979.0,28869.0,48,green
28161,12381.0,36502.0,24,green
28159,18697.0,33202.0,8,green
28157,9345.0,29931.0,48,green
28155,9999.0,34448.0,24,green
28153,20564.0,32557.0,8,green
28151,49499.0,29144.0,48,green
28149,48020.0,41121.0,1,green
28147,14978.0,31384.0,8,green
28145,27811.0,35865.0,24,green
28143,10477.0,31211.0,8,green
28141,19539.0,35143.0,24,green
28139,22054.0,35609.0,24,green
28137,28415.0,42880.0,34,green
28135,14959.0,29731.0,48,green
28133,27911.0,27384.0,48,green
28131,17978.0,45025.0,34,green
28129,16257.0,32951.0,8,green
28127,27401.0,35375.0,24,green
28125,4805.0,30525.0,8,green
28123,28293.0,32935.0,8,green
28121,146761.0,58801.0,23,orange
28119,7761.0,24583.0,17,green
28117,25380.0,32945.0,8,green
28115,30517.0,40645.0,1,green
28111,12187.0,34045.0,8,green
28107,34373.0,36555.0,24,green
28105,49048.0,32485.0,8,green
28103,11143.0,26677.0,48,green
28101,21663.0,37045.0,24,green
28099,29553.0,35645.0,24,green
28097,10464.0,30146.0,48,green
28095,36175.0,36783.0,24,green
28093,36385.0,37419.0,45,green
28091,26109.0,30668.0,8,green
19045,48365.0,50498.0,40,orange
19047,17252.0,48084.0,11,orange
19049,74892.0,76320.0,25,red
19051,8742.0,48888.0,40,orange
19053,8249.0,38560.0,45,green
19197,12936.0,43698.0,34,green
19191,20884.0,54429.0,4,orange
19193,102530.0,46720.0,39,orange
19195,7563.0,48459.0,11,orange
19105,20560.0,55060.0,22,orange
19187,37295.0,42408.0,1,green
19189,10614.0,47668.0,11,orange
17077,59534.0,33871.0,8,green
17081,38578.0,43247.0,34,green
17083,22625.0,53271.0,4,orange
17085,22397.0,53221.0,4,orange
17087,12829.0,42287.0,1,green
17089,524886.0,70696.0,37,red
17091,112221.0,52110.0,41,orange
17093,120036.0,84385.0,12,red
17075,29053.0,47834.0,11,orange
17099,112579.0,50633.0,39,orange
17101,16665.0,40841.0,1,green
17073,49883.0,53480.0,4,orange
17105,37689.0,54254.0,4,orange
17107,29956.0,50539.0,40,orange
17109,32009.0,40314.0,1,green
17111,307357.0,77222.0,5,red
17113,173114.0,62211.0,23,orange
17115,109193.0,47176.0,39,orange
17117,46844.0,51206.0,40,orange
17119,267356.0,53431.0,15,orange
17121,38665.0,42238.0,1,green
17123,12173.0,53423.0,4,orange
17125,14126.0,41567.0,1,green
17127,15016.0,40977.0,1,green
46069,1413.0,51776.0,4,orange
46067,7226.0,45075.0,34,green
46065,17466.0,59177.0,46,orange
46063,1328.0,52396.0,4,orange
46061,3386.0,60741.0,46,orange
46059,3375.0,47163.0,11,orange
46057,5982.0,58602.0,46,orange
46055,2083.0,41518.0,1,green
46053,4226.0,37540.0,45,green
46051,7227.0,51272.0,40,orange
46049,2359.0,43679.0,34,green
46045,4018.0,56000.0,22,orange
46043,2973.0,52500.0,4,orange
46041,5579.0,37206.0,24,green
46039,4341.0,53152.0,4,orange
46037,5618.0,39216.0,45,green
46035,19787.0,49991.0,40,orange
46031,4149.0,31676.0,8,green
46029,27750.0,48912.0,40,orange
46027,14011.0,36608.0,24,green
46025,3625.0,49600.0,40,orange
46023,9239.0,43109.0,34,green
46021,1548.0,45170.0,34,green
46017,2038.0,31163.0,8,green
46015,5330.0,49531.0,40,orange
46013,38060.0,53100.0,4,orange
46011,33046.0,50082.0,40,orange
46009,7013.0,45254.0,34,green
46007,3438.0,42171.0,1,green
46005,18168.0,46267.0,11,orange
46003,2729.0,48750.0,11,orange
46095,2086.0,30938.0,8,green
46019,10292.0,41920.0,1,green
46075,781.0,35972.0,24,green
46125,8302.0,53378.0,4,orange
46127,14842.0,64471.0,10,orange
8009,3701.0,38000.0,45,green
8011,5895.0,36791.0,24,green
8017,2002.0,52554.0,4,orange
8025,5551.0,31151.0,8,green
8063,7980.0,40603.0,1,green
8075,21928.0,42319.0,1,green
8087,28359.0,48450.0,11,orange
8089,18572.0,32311.0,8,green
8095,4371.0,43639.0,34,green
8099,12235.0,40179.0,1,green
8111,606.0,36324.0,24,green
8115,2365.0,44191.0,34,green
8121,4795.0,45541.0,34,orange
8125,10185.0,43105.0,34,green
20067,7816.0,55432.0,22,orange
20201,5686.0,45159.0,34,green
20203,2204.0,57171.0,22,orange
20205,9061.0,40306.0,1,green
20207,3211.0,35787.0,24,green
20197,6997.0,54688.0,22,orange
20199,1595.0,47279.0,11,orange
30001,9291.0,41512.0,1,green
30005,6598.0,36744.0,24,green
30007,5692.0,50115.0,40,orange
30011,1227.0,45000.0,34,green
30013,82090.0,45205.0,32,orange
30015,5855.0,38521.0,45,green
30017,11945.0,48750.0,11,orange
30019,1758.0,49239.0,40,orange
30021,9365.0,52738.0,4,orange
30023,9211.0,39399.0,45,green
30025,3057.0,53266.0,4,orange
30027,11468.0,40881.0,1,green
30033,1047.0,39732.0,45,green
30041,16523.0,44633.0,34,green
50009,6207.0,36599.0,24,green
36013,132646.0,42993.0,32,green
36103,1501373.0,88663.0,27,red
25005,552763.0,56842.0,44,orange
36081,2301139.0,57720.0,9,purple
36081,2301139.0,57720.0,9,purple
36047,2595259.0,48201.0,29,purple
36045,118947.0,49505.0,39,orange
33009,89341.0,55762.0,22,orange
54041,16434.0,37849.0,45,green
54033,68998.0,43987.0,34,green
54017,8201.0,39974.0,45,green
13317,9991.0,32727.0,8,green
13315,8972.0,32043.0,8,green
13313,103456.0,40596.0,1,green
13311,27791.0,40888.0,1,green
13309,7956.0,27620.0,48,green
13307,2720.0,37063.0,24,green
13305,30046.0,38955.0,45,green
13303,20785.0,37932.0,45,green
13301,5561.0,29176.0,48,green
13299,35723.0,34909.0,24,green
13295,68285.0,41632.0,1,green
13291,21725.0,40799.0,1,green
13289,8509.0,30468.0,8,green
13287,8338.0,31806.0,8,green
13285,68867.0,41489.0,1,green
13283,6762.0,38596.0,45,green
13281,10800.0,37000.0,24,green
13279,27210.0,33679.0,8,green
13277,40787.0,37653.0,45,green
13275,44824.0,36641.0,24,green
13273,9213.0,28688.0,48,green
13271,16416.0,26449.0,48,green
13267,25302.0,33980.0,8,green
13265,1721.0,26306.0,48,green
13263,6490.0,34078.0,8,green
13261,31429.0,32758.0,8,green
13259,5868.0,21118.0,17,green
13257,25620.0,40315.0,1,green
13255,63873.0,40246.0,1,green
13251,14206.0,34466.0,24,green
13249,5074.0,39375.0,45,green
13247,86901.0,50455.0,39,orange
13245,201291.0,37424.0,43,green
13243,7315.0,28377.0,48,green
13241,16266.0,35211.0,24,green
13237,21247.0,44299.0,34,green
13235,11590.0,38750.0,45,green
13233,41215.0,37853.0,45,green
13231,17812.0,51338.0,40,orange
13229,18934.0,40247.0,1,green
13227,29740.0,54123.0,4,orange
13225,27086.0,41588.0,1,green
13223,147400.0,60109.0,23,orange
13221,14688.0,44226.0,34,green
13219,34400.0,72182.0,35,red
13217,102645.0,49179.0,39,orange
13215,200285.0,42306.0,43,green
13091,21180.0,34271.0,24,green
13093,14293.0,28696.0,48,green
13095,93310.0,32084.0,8,green
13097,136520.0,53881.0,41,orange
13099,10579.0,31680.0,8,green
13101,4048.0,32959.0,8,green
13105,19537.0,35388.0,24,green
13107,22731.0,32229.0,8,green
13111,23742.0,37049.0,24,green
13113,108655.0,79066.0,25,red
13115,96169.0,41549.0,1,green
13117,196236.0,88816.0,12,red
13119,22110.0,33816.0,8,green
13123,28673.0,40228.0,1,green
13125,3087.0,40759.0,1,green
13129,55889.0,41612.0,1,green
13131,25243.0,34187.0,24,green
13133,16331.0,42408.0,1,green
13135,859234.0,60289.0,6,red
13137,43527.0,40907.0,1,green
13139,187916.0,51202.0,41,orange
13141,8881.0,24925.0,17,green
13143,28565.0,41910.0,1,green
13145,32776.0,63824.0,10,orange
13147,25498.0,37653.0,45,green
13149,11617.0,41525.0,1,green
13151,211512.0,60424.0,23,orange
13153,147570.0,53270.0,41,orange
13155,9408.0,34156.0,24,green
13157,61420.0,53379.0,4,orange
13063,267234.0,40938.0,43,green
13163,16374.0,26557.0,48,green
18163,181305.0,43046.0,32,green
18161,7299.0,44277.0,34,green
18159,15573.0,51613.0,4,orange
18157,180952.0,45932.0,32,orange
18155,10500.0,44061.0,34,green
18153,21111.0,45023.0,34,green
18151,34267.0,48472.0,11,orange
18149,23117.0,42208.0,1,green
18147,20856.0,55247.0,22,orange
18145,44441.0,53584.0,4,orange
18143,23783.0,44442.0,34,green
18141,267246.0,45471.0,20,orange
18139,16991.0,45121.0,34,green
18175,27930.0,41289.0,1,green
18135,25596.0,40810.0,1,green
18133,37650.0,51355.0,40,orange
18131,13047.0,43836.0,34,green
18129,25567.0,58101.0,46,orange
18127,166570.0,63926.0,28,orange
18125,12687.0,44399.0,34,green
18123,19414.0,47470.0,11,orange
18121,17107.0,40781.0,1,green
18119,21192.0,43948.0,34,green
18117,19725.0,39812.0,45,green
18115,6033.0,48780.0,40,orange
18113,47546.0,49331.0,40,orange
18111,14057.0,46895.0,11,orange
18109,69403.0,55432.0,22,orange
18107,38172.0,48213.0,11,orange
18105,142404.0,42404.0,32,green
18103,36211.0,45184.0,34,green
18101,10262.0,44589.0,34,green
19163,169994.0,55114.0,41,orange
19161,10101.0,49572.0,40,orange
19159,5061.0,47042.0,11,orange
19157,18705.0,51006.0,40,orange
19155,93213.0,51976.0,41,orange
19153,452369.0,60061.0,44,orange
19151,7127.0,45069.0,34,green
19149,24853.0,57130.0,22,orange
19147,9208.0,47113.0,11,orange
19145,15660.0,43912.0,34,green
19143,6211.0,49448.0,40,orange
19141,14092.0,55227.0,22,orange
19139,42913.0,53676.0,4,orange
19137,10465.0,42418.0,1,green
19135,8002.0,46304.0,11,orange
19133,9088.0,40302.0,1,green
19131,10762.0,49488.0,40,orange
19129,14862.0,63979.0,10,orange
19127,40962.0,53351.0,4,orange
19125,33248.0,54693.0,22,orange
19123,22396.0,48726.0,11,orange
19121,15644.0,60060.0,46,orange
19119,11723.0,57130.0,22,orange
19117,8731.0,43962.0,34,green
19115,11271.0,51144.0,40,orange
19113,216640.0,59322.0,23,orange
19111,35369.0,43312.0,34,green
19109,15280.0,51496.0,40,orange
19107,10291.0,43838.0,34,green
19103,139436.0,55700.0,23,orange
19101,17318.0,42899.0,34,green
19097,19572.0,49028.0,40,orange
51137,34596.0,65166.0,10,orange
51157,7431.0,57210.0,22,orange
51165,77785.0,53744.0,4,orange
51171,42724.0,49406.0,40,orange
51187,38481.0,61454.0,46,orange
51003,103108.0,68449.0,28,red
51177,127691.0,78125.0,25,red
51015,74053.0,54558.0,22,orange
51069,81340.0,69098.0,28,red
51079,18938.0,61550.0,10,orange
51047,48424.0,66697.0,28,orange
51043,14299.0,71295.0,35,red
51113,13147.0,47736.0,11,orange
51139,23843.0,43895.0,34,green
54065,17475.0,39324.0,45,green
54037,55214.0,66677.0,28,orange
54031,13936.0,40303.0,1,green
54003,108724.0,55239.0,22,orange
24013,167444.0,85385.0,12,red
24027,304115.0,110238.0,16,red
51107,351129.0,123453.0,16,red
51091,2244.0,43914.0,34,green
54071,7402.0,36953.0,24,green
51061,67463.0,91609.0,47,red
24001,73549.0,40551.0,1,green
54057,27755.0,31790.0,8,green
54023,11815.0,39088.0,45,green
51660,69729.68468468469,56205.06306306306,22,orange
51820,69729.68468468469,56205.06306306306,22,orange
51840,69729.68468468469,56205.06306306306,22,orange
51790,69729.68468468469,56205.06306306306,22,orange
13213,39401.0,35539.0,24,green
13211,17900.0,51820.0,4,orange
13209,8968.0,34672.0,24,green
13207,26915.0,48744.0,11,orange
13205,22982.0,31915.0,8,green
13201,5936.0,33983.0,8,green
13199,21297.0,35832.0,24,green
13197,8739.0,36242.0,24,green
13195,28232.0,41912.0,1,green
13189,21582.0,36656.0,24,green
13187,30921.0,43804.0,34,green
13185,113203.0,36834.0,24,green
13181,7720.0,34243.0,24,green
13175,47886.0,32356.0,8,green
13173,10403.0,37605.0,45,green
13171,18114.0,40344.0,1,green
13169,28738.0,51857.0,4,orange
13167,9794.0,34438.0,24,green
13165,8922.0,24604.0,17,green
13319,9386.0,38485.0,45,green
13161,14990.0,36385.0,24,green
13293,26528.0,35774.0,24,green
13193,14045.0,28684.0,48,green
13109,10814.0,37865.0,45,green
13177,28946.0,61537.0,10,orange
13269,8401.0,28143.0,48,green
13027,15637.0,32663.0,8,green
13001,18417.0,37135.0,24,green
13003,8294.0,30933.0,8,green
13005,11222.0,37162.0,24,green
13007,3292.0,44297.0,34,green
13009,45795.0,32460.0,8,green
13011,18336.0,41472.0,1,green
13013,72012.0,52012.0,4,orange
13015,101336.0,48893.0,39,orange
13017,17477.0,29994.0,48,green
13019,19019.0,31835.0,8,green
13021,154816.0,36519.0,43,green
13023,12746.0,38991.0,45,green
13025,18452.0,37206.0,24,green
13031,72386.0,36032.0,24,green
13033,23007.0,33641.0,8,green
13035,23445.0,41667.0,1,green
13037,6489.0,25513.0,17,green
13043,11031.0,30185.0,48,green
13045,112595.0,43586.0,32,green
13047,65375.0,50876.0,40,orange
13053,11914.0,43378.0,34,green
13055,25241.0,32913.0,8,green
13057,225944.0,68926.0,5,red
13059,120905.0,32162.0,8,green
13321,21156.0,37974.0,45,green
13065,6791.0,24015.0,17,green
13067,719133.0,65873.0,26,red
13069,43003.0,33965.0,8,green
13071,46024.0,32409.0,8,green
13073,136204.0,71021.0,35,red
13075,17033.0,35683.0,24,green
13077,133416.0,62461.0,10,orange
13079,12539.0,41825.0,1,green
13081,23314.0,31615.0,8,green
13083,16445.0,46434.0,11,orange
13085,22673.0,56943.0,22,orange
13089,716331.0,51376.0,6,orange
26001,10550.0,38033.0,45,green
26165,32751.0,41534.0,1,green
26069,25401.0,37317.0,45,green
26015,59147.0,55064.0,22,orange
26023,43706.0,44373.0,34,green
26025,134790.0,42520.0,32,green
26027,51952.0,46570.0,11,orange
26035,30710.0,33015.0,8,green
26037,76905.0,60909.0,46,orange
26039,13895.0,41743.0,1,green
26043,26012.0,43779.0,34,green
26045,108341.0,54993.0,22,orange
26049,415874.0,42327.0,20,green
26051,25501.0,38021.0,45,green
26057,41878.0,41912.0,1,green
26059,46178.0,41961.0,1,green
26065,283491.0,45679.0,20,orange
26067,64064.0,49124.0,39,orange
26071,11507.0,33663.0,8,green
26073,70669.0,39377.0,45,green
26075,159759.0,46326.0,32,orange
26077,256752.0,47476.0,20,orange
26079,17230.0,40534.0,1,green
26081,622590.0,53063.0,30,orange
26085,11426.0,30439.0,8,green
26087,88235.0,52996.0,4,orange
26091,98902.0,48043.0,39,orange
26093,184591.0,75204.0,25,red
26101,24536.0,41395.0,1,green
26107,43301.0,41889.0,1,green
26111,83624.0,54059.0,4,orange
26113,14988.0,41098.0,1,green
26117,63004.0,41584.0,1,green
26119,9401.0,36250.0,24,green
26123,48029.0,43693.0,34,green
26125,1229503.0,67465.0,14,red
26129,21222.0,36063.0,24,green
26133,23234.0,38999.0,45,green
26135,8444.0,33021.0,8,green
26137,24141.0,48917.0,40,orange
37093,51075.0,41542.0,1,green
37001,155258.0,41814.0,32,green
37003,37158.0,39365.0,45,green
37005,10911.0,36968.0,24,green
37007,26135.0,33228.0,8,green
37009,27114.0,36267.0,24,green
37011,17695.0,37777.0,45,green
37021,247336.0,45167.0,20,orange
37025,188375.0,54720.0,41,orange
37033,23174.0,37869.0,45,green
37035,154610.0,44376.0,32,green
37037,67431.0,56642.0,22,orange
37039,27092.0,34662.0,24,green
37043,10656.0,37076.0,24,green
37045,97178.0,39453.0,45,green
37051,324603.0,44171.0,20,orange
37057,163867.0,43363.0,32,green
37059,41447.0,51527.0,4,orange
37063,288817.0,52503.0,15,orange
37065,55280.0,32659.0,8,green
37067,361684.0,45471.0,20,orange
37069,62296.0,42685.0,1,green
37071,209807.0,42429.0,43,green
37075,8700.0,34805.0,24,green
37077,58109.0,50225.0,40,orange
37079,21328.0,35777.0,24,green
37081,506763.0,45651.0,30,orange
37083,53407.0,32245.0,8,green
37087,59170.0,42257.0,1,green
37089,109719.0,46448.0,39,orange
37097,165066.0,52306.0,41,orange
37105,59418.0,45608.0,34,orange
37109,79578.0,49215.0,39,orange
37113,33919.0,39133.0,45,green
37115,21027.0,37904.0,45,green
37119,990288.0,56854.0,6,red
37121,15330.0,37391.0,45,green
37123,27601.0,32500.0,8,green
37125,91743.0,50998.0,39,orange
37197,37971.0,37796.0,45,green
37135,138644.0,59290.0,23,orange
37145,39262.0,42105.0,1,green
37147,173798.0,41119.0,43,green
37151,142370.0,41947.0,32,green
37153,46046.0,32687.0,8,green
37155,134871.0,30608.0,8,green
37157,92300.0,38126.0,45,green
37165,35932.0,30958.0,8,green
37167,60586.0,40910.0,1,green
37169,46661.0,40696.0,1,green
37171,73170.0,36164.0,24,green
37173,14163.0,33931.0,8,green
37175,32928.0,45114.0,34,green
37179,213422.0,65903.0,28,red
37181,44829.0,33316.0,8,green
37183,976019.0,67309.0,26,red
37185,20468.0,34254.0,24,green
37189,52240.0,37656.0,45,green
37193,68946.0,33232.0,8,green
37195,81581.0,39847.0,45,green
37199,17604.0,37484.0,45,green
37127,94722.0,42713.0,32,green
37159,138361.0,43069.0,32,green
39001,28229.0,35560.0,24,green
39003,105196.0,44103.0,32,green
39005,53189.0,48003.0,11,orange
39009,64974.0,33872.0,8,green
39011,45873.0,54274.0,4,orange
39013,69560.0,43833.0,34,green
39015,44247.0,45568.0,34,orange
39017,372538.0,57540.0,0,orange
39019,28361.0,47075.0,11,orange
39021,39393.0,50974.0,40,orange
39023,136827.0,43625.0,32,green
39175,22467.0,47555.0,11,orange
39027,41892.0,46787.0,11,orange
39029,105987.0,44497.0,32,green
39031,36724.0,41701.0,1,green
39033,42725.0,40795.0,1,green
39037,52356.0,44632.0,34,green
39039,38669.0,50663.0,40,orange
39041,185433.0,91955.0,47,red
39045,149112.0,60567.0,23,orange
39047,28769.0,40503.0,1,green
39049,1215761.0,52341.0,21,red
39051,42485.0,55120.0,22,orange
39053,30565.0,37319.0,45,green
39057,164192.0,60113.0,23,orange
39059,39626.0,40930.0,1,green
39061,804194.0,49013.0,31,orange
39063,75428.0,50895.0,40,orange
39065,31736.0,42703.0,1,green
39067,15633.0,43173.0,34,green
39069,28015.0,53835.0,4,orange
39073,28914.0,42170.0,1,green
39075,43436.0,51996.0,4,orange
39077,58937.0,48745.0,39,orange
39079,32854.0,39460.0,45,green
39081,68053.0,41942.0,1,green
39083,61004.0,48533.0,39,orange
39087,61827.0,42874.0,1,green
39089,168693.0,56549.0,23,orange
39091,45484.0,49783.0,40,orange
39093,303152.0,52457.0,15,orange
39097,43456.0,57406.0,22,orange
39099,234550.0,41375.0,43,green
39101,65943.0,42966.0,34,green
39103,174831.0,66952.0,28,red
39105,23473.0,37813.0,45,green
39107,40863.0,53099.0,4,orange
39109,103517.0,51569.0,41,orange
39111,14547.0,41528.0,1,green
39113,533763.0,43829.0,30,orange
39115,14913.0,37067.0,24,green
39117,34996.0,51993.0,4,orange
39119,86016.0,41130.0,1,green
39121,14508.0,41708.0,1,green
39125,19165.0,45550.0,34,orange
39127,36025.0,42017.0,1,green
39129,56515.0,57439.0,22,orange
39131,28396.0,40283.0,1,green
39133,161897.0,52552.0,41,orange
39135,41682.0,47818.0,11,orange
39137,34184.0,60524.0,46,orange
39139,122312.0,41877.0,32,green
39141,77334.0,43345.0,34,green
39145,78017.0,35903.0,24,green
39147,55929.0,45444.0,34,orange
39149,49067.0,54550.0,22,orange
39151,374979.0,47137.0,20,orange
39153,541847.0,50765.0,30,orange
39155,206373.0,43073.0,32,green
39157,92697.0,45310.0,32,orange
39159,53470.0,67382.0,28,orange
39161,28576.0,48060.0,11,orange
39163,13234.0,40680.0,1,green
39165,219916.0,74379.0,5,red
39167,61351.0,43509.0,34,green
39169,115371.0,50383.0,39,orange
39171,37386.0,42492.0,1,green
39173,128885.0,53577.0,41,orange
39025,200285.0,60805.0,23,orange
39071,43170.0,39858.0,45,green
45001,24997.0,34799.0,24,green
45005,9838.0,25327.0,17,green
45007,191215.0,42143.0,43,green
45009,15432.0,31314.0,8,green
45021,55863.0,35389.0,24,green
45023,32556.0,31914.0,8,green
45025,46192.0,32083.0,8,green
45031,67922.0,35409.0,24,green
45037,26466.0,46637.0,11,orange
45039,23108.0,36004.0,24,green
45047,69771.0,37060.0,24,green
45055,62722.0,43622.0,34,green
45057,81263.0,44016.0,32,green
45059,66389.0,38515.0,45,green
45061,18461.0,30954.0,8,green
45063,273843.0,53857.0,15,orange
45065,9895.0,38712.0,45,green
45069,27993.0,30767.0,8,green
45071,37690.0,40127.0,1,green
45079,397899.0,49131.0,15,orange
45081,20000.0,38827.0,45,green
45083,291240.0,43907.0,20,green
45091,240076.0,54117.0,41,orange
45087,28125.0,34033.0,8,green
45003,163908.0,45759.0,32,orange
37101,178396.0,50512.0,41,orange
37107,58782.0,34717.0,24,green
37191,124355.0,40390.0,43,green
37085,124320.0,46353.0,32,orange
37163,63873.0,35490.0,24,green
37047,57230.0,34949.0,24,green
45033,31435.0,28938.0,48,green
45067,32167.0,29874.0,48,green
45017,14958.0,43531.0,34,green
45041,138330.0,42080.0,32,green
45085,107777.0,41332.0,1,green
45027,34178.0,33162.0,8,green
45035,145715.0,54901.0,41,orange
13103,54630.0,63100.0,10,orange
45075,90575.0,34218.0,24,green
45089,33238.0,28297.0,48,green
37055,34863.0,54496.0,22,orange
37137,12982.0,43444.0,34,green
37017,34720.0,30096.0,48,green
13087,27378.0,31284.0,8,green
13087,27378.0,31284.0,8,green
45049,20473.0,31410.0,8,green
45019,372904.0,53437.0,15,orange
45019,372904.0,53437.0,15,orange
13253,8769.0,34905.0,24,green
13253,8769.0,34905.0,24,green
39095,436261.0,41777.0,20,green
39123,41162.0,53914.0,4,orange
39055,93874.0,72430.0,35,red
13049,13130.0,42778.0,1,green
37103,10166.0,34005.0,8,green
39085,229437.0,58029.0,23,orange
39143,60187.0,47209.0,11,orange
37061,59453.0,35035.0,24,green
13239,2326.0,31487.0,8,green
13061,3104.0,20438.0,17,green
13179,64427.0,42201.0,1,green
13121,983903.0,57207.0,6,red
37111,44961.0,35965.0,24,green
37149,20327.0,46528.0,11,orange
37161,66865.0,35630.0,24,green
37099,40812.0,38015.0,45,green
37027,81758.0,35763.0,24,green
37023,89548.0,39360.0,45,green
39007,99777.0,40544.0,1,green
45045,474903.0,50540.0,30,orange
45073,74949.0,41237.0,1,green
45077,120124.0,41459.0,32,green
13039,51445.0,52473.0,4,orange
45015,193613.0,52506.0,41,orange
45051,290730.0,43299.0,20,green
13029,33151.0,63327.0,10,orange
45029,38004.0,32804.0,8,green
13051,279290.0,47218.0,20,orange
13051,279290.0,47218.0,20,orange
13183,16588.0,48863.0,40,orange
39035,1263189.0,44190.0,21,orange
39043,76141.0,48011.0,39,orange
13127,81743.0,45918.0,11,orange
13191,14007.0,42988.0,34,green
28027,25254.0,28851.0,48,green
28025,20279.0,31669.0,8,green
28023,16362.0,35993.0,24,green
28021,9330.0,23259.0,17,green
28019,8354.0,30692.0,8,green
28017,17391.0,30926.0,8,green
28015,10338.0,37289.0,45,green
28013,14789.0,31098.0,8,green
28011,33803.0,27585.0,48,green
28109,55196.0,40976.0,1,green
28003,37319.0,36163.0,24,green
28163,27911.0,28961.0,48,green
47133,22100.0,35287.0,24,green
47135,7864.0,31425.0,8,green
1041,13938.0,36022.0,24,green
1043,80965.0,38971.0,45,green
1045,49866.0,45028.0,34,green
1047,42154.0,27306.0,48,green
1049,71068.0,38192.0,45,green
1051,80763.0,53555.0,4,orange
1053,37935.0,32330.0,8,green
1055,103766.0,39220.0,45,green
1057,16896.0,34680.0,24,green
1059,31634.0,35372.0,24,green
1061,26815.0,36024.0,24,green
1063,8697.0,20541.0,17,green
1065,15256.0,32714.0,8,green
1069,103534.0,41571.0,1,green
1073,659026.0,45610.0,30,orange
1075,14133.0,35450.0,24,green
1077,92737.0,43125.0,32,green
1079,33586.0,40003.0,45,green
1081,150982.0,44570.0,32,green
1083,88805.0,49570.0,39,orange
1085,10742.0,25876.0,48,green
1087,20018.0,30738.0,8,green
1089,346438.0,57993.0,0,orange
1091,20306.0,32042.0,8,green
1093,30387.0,32299.0,8,green
1095,94318.0,38983.0,45,green
1099,22217.0,27257.0,48,green
1101,228138.0,44369.0,20,green
1103,119786.0,45751.0,32,orange
31049,1946.0,50962.0,40,orange
31051,5866.0,51223.0,40,orange
31053,36725.0,49068.0,40,orange
31055,537655.0,54659.0,44,orange
31057,2015.0,42500.0,1,green
31059,5697.0,52316.0,4,orange
31061,3105.0,45905.0,11,orange
31063,2573.0,49634.0,40,orange
31065,4887.0,39934.0,45,green
31067,21818.0,50010.0,40,orange
31069,1823.0,45845.0,11,orange
31071,1933.0,43179.0,34,green
31073,1976.0,54375.0,4,orange
31075,769.0,44750.0,34,green
31077,2476.0,42904.0,34,green
31079,60792.0,49252.0,40,orange
31081,9100.0,59311.0,46,orange
31083,3458.0,46766.0,11,orange
31085,1084.0,44500.0,34,green
31087,2879.0,39231.0,45,green
31089,10398.0,46728.0,11,orange
31091,681.0,37317.0,45,green
31093,6347.0,50030.0,40,orange
31095,7433.0,43008.0,34,green
31097,5167.0,45429.0,34,green
31099,6549.0,51934.0,4,orange
31101,8146.0,41781.0,1,green
31103,711.0,38625.0,45,green
31105,3720.0,40242.0,1,green
31107,8556.0,45411.0,34,green
24025,248966.0,80465.0,25,red
24009,90114.0,95828.0,47,red
51510,69729.68468468469,56205.06306306306,22,orange
24510,226318.0,70097.42105263157,5,red
24037,109614.0,86987.0,12,red
24009,90114.0,95828.0,47,red
24003,555280.0,89860.0,7,red
24037,109614.0,86987.0,12,red
24017,152754.0,90607.0,12,red
51099,24933.0,81688.0,25,red
51059,1128722.0,112552.0,18,red
51153,437271.0,98657.0,7,red
51179,137145.0,97144.0,47,red
24017,152754.0,90607.0,12,red
51099,24933.0,81688.0,25,red
51179,137145.0,97144.0,47,red
51153,437271.0,98657.0,7,red
24510,226318.0,70097.42105263157,5,red
24033,892816.0,74260.0,26,red
51059,1128722.0,112552.0,18,red
51125,14858.0,47118.0,11,orange
51127,19560.0,73041.0,35,red
51135,15711.0,36284.0,24,green
51145,28207.0,77896.0,25,red
51147,23022.0,41697.0,1,green
51101,16097.0,62031.0,10,orange
51183,11864.0,39194.0,45,green
51085,101340.0,78645.0,25,red
47137,5097.0,36773.0,24,green
47141,73810.0,35343.0,24,green
47143,32394.0,36146.0,24,green
47145,53162.0,40854.0,1,green
47147,67426.0,53151.0,4,orange
47149,282558.0,56219.0,23,orange
47151,22043.0,30246.0,48,green
47153,14592.0,45408.0,34,green
47157,937750.0,46224.0,31,orange
47159,19136.0,43914.0,34,green
47161,13286.0,42023.0,1,green
47163,156752.0,40346.0,43,green
47165,169623.0,57382.0,23,orange
47169,7884.0,41029.0,1,green
47171,18069.0,33210.0,8,green
47173,19096.0,37351.0,45,green
47175,5596.0,40439.0,1,green
47177,40015.0,35376.0,24,green
47179,125317.0,42817.0,32,green
47181,16897.0,30701.0,8,green
47183,34415.0,37037.0,24,green
47187,199456.0,96565.0,47,red
45011,22098.0,34336.0,24,green
37049,104450.0,47985.0,39,orange
13297,86201.0,54453.0,22,orange
37013,47561.0,40391.0,1,green
13029,33151.0,63327.0,10,orange
45053,26549.0,37141.0,24,green
37117,23729.0,35080.0,24,green
45043,60572.0,42835.0,1,green
45043,60572.0,42835.0,1,green
37129,213091.0,50088.0,41,orange
37019,115926.0,46859.0,39,orange
37129,213091.0,50088.0,41,orange
37019,115926.0,46859.0,39,orange
37031,68228.0,48457.0,39,orange
37133,183753.0,46335.0,32,orange
37141,55166.0,44828.0,34,green
37141,55166.0,44828.0,34,green
37095,5693.0,42897.0,34,green
37187,12668.0,34538.0,24,green
37177,4152.0,32361.0,8,green
1015,116648.0,41703.0,32,green
1013,20354.0,32229.0,8,green
1011,10678.0,31938.0,8,green
1009,57710.0,45813.0,34,orange
1007,22604.0,38678.0,45,green
1005,26932.0,32964.0,8,green
1071,52860.0,37745.0,45,green
1019,26008.0,36296.0,24,green
1021,43819.0,41627.0,1,green
1023,13395.0,33536.0,8,green
1027,13537.0,35327.0,24,green
1029,15002.0,38056.0,45,green
17201,290439.0,48225.0,20,orange
17203,39106.0,65852.0,28,orange
17063,50277.0,65887.0,28,orange
17001,67081.0,45965.0,11,orange
17003,7364.0,27265.0,48,green
17005,17313.0,47946.0,11,orange
17007,53851.0,58248.0,46,orange
17009,6859.0,50739.0,40,orange
17011,34115.0,50423.0,40,orange
17013,4999.0,53869.0,4,orange
17015,14926.0,48631.0,11,orange
17017,13254.0,47434.0,11,orange
17019,205766.0,46495.0,32,orange
17021,34200.0,45334.0,34,green
17023,16159.0,50517.0,40,orange
17025,13582.0,44209.0,34,green
17027,37929.0,63236.0,10,orange
17029,53037.0,39588.0,45,green
17033,19541.0,47468.0,11,orange
17035,10943.0,46061.0,11,orange
17037,104345.0,54101.0,41,orange
17039,16388.0,53959.0,4,orange
17041,19826.0,51810.0,4,orange
17043,930412.0,79658.0,19,red
17045,17992.0,45691.0,34,orange
17047,6649.0,44497.0,34,green
17049,34332.0,52224.0,4,orange
17061,13502.0,42565.0,1,green
17053,13835.0,49947.0,40,orange
1031,50884.0,46729.0,11,orange
1033,54444.0,40576.0,1,green
1035,12865.0,24900.0,17,green
1037,11027.0,31212.0,8,green
1039,37886.0,36444.0,24,green
1105,10038.0,24537.0,17,green
1107,19856.0,30330.0,48,green
1109,33155.0,32825.0,8,green
1111,22648.0,36924.0,24,green
1113,58302.0,37049.0,24,green
1115,85864.0,51859.0,4,orange
1117,203530.0,70187.0,5,red
1119,13341.0,19501.0,17,green
1121,81437.0,35155.0,24,green
1123,41153.0,39206.0,45,green
1125,200458.0,46565.0,32,orange
1127,65923.0,35843.0,24,green
1129,16997.0,42811.0,1,green
1131,11235.0,23750.0,17,green
1133,24130.0,33194.0,8,green
1001,55221.0,51281.0,40,orange
18171,8367.0,56042.0,22,orange
18169,32358.0,45649.0,34,orange
18167,108268.0,40313.0,1,green
18165,15860.0,43600.0,34,green
18099,46962.0,48485.0,11,orange
18097,926335.0,42168.0,31,orange
18095,130280.0,44195.0,32,green
18093,45814.0,45875.0,11,orange
18087,38084.0,49964.0,40,orange
18085,77983.0,52821.0,4,orange
18083,38062.0,42725.0,1,green
18081,145645.0,62147.0,23,orange
18079,28113.0,44736.0,34,green
18077,32453.0,45718.0,34,orange
18075,21255.0,41021.0,1,green
18071,43471.0,47000.0,11,orange
18069,36863.0,46945.0,11,orange
18067,82765.0,44226.0,32,green
18065,49146.0,41855.0,1,green
18063,153435.0,70163.0,35,red
18061,39230.0,52128.0,4,orange
18059,71328.0,66606.0,28,orange
18057,296635.0,86222.0,12,red
18055,32815.0,45397.0,34,orange
18053,68896.0,40294.0,1,green
18051,33668.0,48303.0,11,orange
18049,20527.0,45332.0,34,green
18047,22935.0,51748.0,4,orange
18045,16888.0,46760.0,11,orange
18043,75900.0,54914.0,22,orange
18001,34642.0,48188.0,11,orange
18003,363453.0,49092.0,15,orange
18005,79488.0,55050.0,22,orange
18007,8752.0,47046.0,11,orange
18009,12476.0,38190.0,45,green
18011,60511.0,67552.0,28,orange
18013,15011.0,54615.0,22,orange
18015,20014.0,52005.0,4,orange
18017,38476.0,42290.0,1,green
18019,113181.0,51699.0,41,orange
18183,33330.0,54389.0,4,orange
18023,32835.0,48478.0,11,orange
18025,10591.0,38695.0,45,green
18027,32411.0,47342.0,11,orange
18029,49679.0,58680.0,46,orange
18031,26240.0,49799.0,40,orange
18033,42449.0,48341.0,11,orange
18035,117335.0,38830.0,45,green
18037,42291.0,53513.0,4,orange
18039,200685.0,47913.0,39,orange
18041,23773.0,39379.0,45,green
18177,67866.0,38494.0,45,green
18179,27796.0,51101.0,40,orange
18181,24388.0,52154.0,4,orange
18021,26686.0,47602.0,11,orange
18173,60995.0,62185.0,10,orange
18137,28612.0,51170.0,40,orange
21111,755809.0,48695.0,31,orange
21113,50328.0,50558.0,40,orange
21115,23350.0,35570.0,24,green
21117,163007.0,54296.0,41,orange
21119,16000.0,30411.0,48,green
21121,31809.0,26599.0,48,green
21123,14149.0,38578.0,45,green
21109,13357.0,29826.0,48,green
21127,15821.0,35935.0,24,green
21131,10997.0,25872.0,48,green
21133,23671.0,30333.0,48,green
21135,13790.0,28630.0,48,green
21137,24498.0,37139.0,24,green
21139,9394.0,42171.0,1,green
21141,26851.0,38570.0,45,green
21143,8402.0,46931.0,11,orange
21145,65408.0,44067.0,34,green
21147,18001.0,19328.0,17,green
21149,9500.0,40770.0,1,green
28089,100202.0,64376.0,28,orange
28087,59699.0,40239.0,1,green
28085,34765.0,36473.0,24,green
28083,31516.0,24233.0,17,green
28081,85036.0,42784.0,32,green
28079,23153.0,33452.0,8,green
28077,12586.0,35634.0,24,green
28075,79832.0,38132.0,45,green
28073,58885.0,52035.0,4,orange
28071,51169.0,44643.0,34,green
28069,10211.0,30056.0,48,green
28067,68276.0,37143.0,24,green
28065,11941.0,26279.0,48,green
28063,7586.0,20743.0,17,green
28057,23451.0,35004.0,24,green
28055,1291.0,23491.0,17,green
28053,8984.0,23216.0,17,green
28051,18772.0,20732.0,17,green
28049,245874.0,37324.0,43,green
28043,21591.0,31779.0,8,green
28041,14129.0,40176.0,1,green
28039,23104.0,44258.0,34,green
28037,7857.0,38170.0,45,green
28033,168586.0,58278.0,23,orange
28031,19471.0,31631.0,8,green
28029,28921.0,35130.0,24,green
47189,122445.0,61070.0,23,orange
47185,26252.0,34901.0,24,green
47043,50472.0,44680.0,34,green
47105,50229.0,51107.0,40,orange
47001,75430.0,42880.0,1,green
47003,45986.0,41984.0,1,green
47005,16261.0,33240.0,8,green
47007,13686.0,37013.0,24,green
47011,102062.0,42114.0,32,green
47013,40176.0,32028.0,8,green
47015,13787.0,41533.0,1,green
47017,28353.0,35508.0,24,green
47021,39422.0,51857.0,4,orange
47023,17324.0,40167.0,1,green
47025,31748.0,34899.0,24,green
47027,7780.0,28804.0,48,green
47031,53448.0,41590.0,1,green
47033,14600.0,35464.0,24,green
47035,57455.0,38576.0,45,green
47037,658506.0,48368.0,30,orange
47039,11686.0,37263.0,45,green
47041,19038.0,38319.0,45,green
47045,38054.0,42468.0,1,green
47047,38814.0,54890.0,22,orange
47049,17931.0,30259.0,48,green
47051,41138.0,42773.0,1,green
47053,49572.0,38457.0,45,green
47055,28949.0,41093.0,1,green
47057,22736.0,35391.0,24,green
47061,13524.0,27373.0,48,green
47063,62999.0,37617.0,45,green
47065,348121.0,48248.0,20,orange
47067,6642.0,26898.0,48,green
47069,26253.0,31801.0,8,green
47071,25900.0,35290.0,24,green
47073,56595.0,36927.0,24,green
47075,18248.0,34182.0,24,green
47077,28013.0,38745.0,45,green
47079,32269.0,38234.0,45,green
47081,24283.0,36334.0,24,green
47083,8290.0,39401.0,45,green
47085,18240.0,41949.0,1,green
47087,11496.0,31534.0,8,green
47089,52490.0,42417.0,1,green
47091,18017.0,30763.0,8,green
47093,444348.0,48701.0,30,orange
47095,7687.0,30086.0,48,green
47097,27427.0,30281.0,48,green
47099,42226.0,37814.0,45,green
38023,2314.0,56042.0,22,orange
38027,2370.0,48583.0,11,orange
38029,3463.0,44051.0,34,green
38031,3366.0,55769.0,22,orange
38033,1822.0,40179.0,1,green
38035,68979.0,48676.0,39,orange
38037,2362.0,44559.0,34,green
38039,2329.0,48355.0,11,orange
38041,2621.0,52169.0,4,orange
38043,2430.0,54559.0,4,orange
38045,4113.0,54821.0,22,orange
38047,1945.0,51458.0,40,orange
38049,5817.0,57386.0,22,orange
38051,2759.0,42277.0,1,green
38055,9451.0,55686.0,22,orange
38057,8633.0,72704.0,35,red
38061,9253.0,68188.0,28,orange
38063,3048.0,51085.0,40,orange
38065,1819.0,60278.0,46,orange
38067,7206.0,53504.0,4,orange
38069,4395.0,42563.0,1,green
38071,11566.0,50841.0,40,orange
38073,5453.0,56500.0,22,orange
38075,2562.0,65125.0,10,orange
38079,14498.0,33277.0,8,green
38081,3874.0,57125.0,22,orange
38083,1337.0,48102.0,11,orange
38087,673.0,55000.0,22,orange
38089,28628.0,72099.0,35,red
38091,1979.0,55833.0,22,orange
38093,21076.0,52359.0,4,orange
38095,2294.0,56625.0,22,orange
38097,8077.0,54960.0,22,orange
34009,95805.0,57637.0,22,orange
34025,629185.0,85242.0,7,red
34001,275376.0,54461.0,15,orange
34029,583450.0,61994.0,33,red
34033,65120.0,61831.0,10,orange
34011,157035.0,49984.0,39,orange
24041,37799.0,58228.0,46,orange
24041,37799.0,58228.0,46,orange
24029,19923.0,58147.0,46,orange
24015,101960.0,66396.0,28,orange
51830,69729.68468468469,56205.06306306306,22,orange
51710,69729.68468468469,56205.06306306306,22,orange
51740,69729.68468468469,56205.06306306306,22,orange
51710,69729.68468468469,56205.06306306306,22,orange
24035,48600.0,85963.0,12,red
8031,649654.0,53637.0,30,orange
6083,435850.0,63985.0,33,red
6071,2094769.0,53433.0,9,purple
22101,53441.0,40781.0,1,green
47101,11944.0,36621.0,24,green
47103,33550.0,40389.0,1,green
47107,52506.0,38535.0,45,green
47109,26103.0,32557.0,8,green
47111,22761.0,33509.0,8,green
47113,98184.0,42544.0,32,green
47115,28306.0,41348.0,1,green
47117,31159.0,42661.0,1,green
47167,61674.0,53669.0,4,orange
47127,6351.0,49427.0,40,orange
47125,185980.0,50344.0,41,orange
47121,11716.0,34424.0,24,green
47119,84089.0,47692.0,39,orange
47131,31129.0,40281.0,1,green
47129,21794.0,39049.0,45,green
28045,45627.0,43355.0,34,green
26089,21772.0,56189.0,22,orange
18089,491596.0,50135.0,30,orange
18091,111280.0,46872.0,39,orange
26021,155565.0,44993.0,32,orange
26159,75351.0,46008.0,11,orange
26005,112837.0,54264.0,41,orange
26007,29068.0,38829.0,45,green
26151,42014.0,41100.0,1,green
26099,854689.0,54582.0,6,red
26147,160429.0,49730.0,39,orange
26053,15824.0,35686.0,24,green
1017,34079.0,34177.0,24,green
26115,150436.0,55653.0,23,orange
1025,25070.0,32011.0,8,green
28059,140676.0,48406.0,39,orange
1067,17252.0,41997.0,1,green
47123,45293.0,35291.0,24,green
47029,35321.0,31187.0,8,green
47155,93617.0,42258.0,32,green
47019,56941.0,33213.0,8,green
47059,68576.0,35196.0,24,green
47009,125188.0,48286.0,39,orange
47139,16687.0,38925.0,45,green
1003,195121.0,50254.0,41,orange
26163,1778969.0,41210.0,42,purple
28047,196268.0,41722.0,43,green
26083,2198.0,37813.0,45,green
26105,28711.0,42024.0,1,green
26127,26229.0,41617.0,1,green
26127,26229.0,41617.0,1,green
26121,171483.0,42829.0,32,green
26121,171483.0,42829.0,32,green
26139,273136.0,58989.0,0,orange
26139,273136.0,58989.0,0,orange
26013,8690.0,39803.0,45,green
26103,67582.0,45409.0,34,orange
26031,25690.0,40219.0,1,green
26029,26134.0,46554.0,11,orange
26055,89907.0,52950.0,4,orange
26041,36712.0,42031.0,1,green
26095,6477.0,37088.0,24,green
26097,11044.0,38434.0,45,green
26153,8288.0,34118.0,24,green
26141,13037.0,41213.0,1,green
26109,23717.0,40373.0,1,green
26003,9476.0,39300.0,45,green
26131,6298.0,34459.0,24,green
26061,36660.0,37776.0,45,green
26009,23267.0,46845.0,11,orange
26011,15424.0,38307.0,45,green
26017,106698.0,45583.0,32,orange
26157,54420.0,43768.0,34,green
26063,32290.0,42161.0,1,green
26047,33018.0,51018.0,40,orange
26019,17437.0,47388.0,11,orange
1097,414251.0,43809.0,20,orange
26105,28711.0,42024.0,1,green
28113,40075.0,31677.0,8,green
5003,21229.0,34263.0,24,green
5005,41040.0,35396.0,24,green
5007,238198.0,56239.0,23,orange
5001,18731.0,36411.0,24,green
5011,11206.0,33701.0,8,green
5013,5245.0,36899.0,24,green
5015,27635.0,36897.0,24,green
5017,11353.0,28913.0,48,green
5019,22751.0,35031.0,24,green
5021,15400.0,32552.0,8,green
5023,25711.0,42905.0,34,green
5025,8510.0,43158.0,34,green
5027,24327.0,36619.0,24,green
5029,21110.0,37732.0,45,green
5031,101409.0,42475.0,32,green
5033,61748.0,41268.0,1,green
5035,49765.0,38004.0,45,green
5037,17467.0,38103.0,45,green
5039,7868.0,34084.0,8,green
5041,12379.0,27197.0,48,green
5043,18740.0,32819.0,8,green
5045,119343.0,51223.0,41,orange
5047,17866.0,39285.0,45,green
5049,12224.0,37066.0,24,green
5051,96954.0,38733.0,45,green
5053,18054.0,46171.0,11,orange
19185,6384.0,43358.0,34,green
19183,22017.0,56390.0,22,orange
19181,47542.0,64447.0,10,orange
19179,35315.0,42095.0,1,green
19177,7432.0,45111.0,34,green
19175,12575.0,44351.0,34,green
19173,6213.0,44246.0,34,green
19171,17479.0,55203.0,22,orange
19169,93586.0,50438.0,39,orange
19167,34509.0,61627.0,10,orange
19165,11992.0,50952.0,40,orange
19095,16344.0,59375.0,46,orange
19093,7071.0,46993.0,11,orange
19091,9674.0,47252.0,11,orange
19089,9494.0,49869.0,40,orange
19087,20080.0,49321.0,40,orange
19085,14467.0,53567.0,4,orange
19083,17393.0,51019.0,40,orange
19081,11092.0,52981.0,4,orange
19079,15297.0,49813.0,40,orange
19077,10740.0,51013.0,40,orange
19075,12407.0,56750.0,22,orange
19073,9174.0,46898.0,11,orange
19071,7106.0,53324.0,4,orange
19069,10489.0,48605.0,11,orange
19067,16050.0,44797.0,34,green
19065,20589.0,44928.0,34,green
19063,9917.0,47795.0,11,orange
19061,95906.0,54605.0,22,orange
19059,16967.0,57265.0,22,orange
19057,40208.0,44423.0,34,green
19055,17507.0,58274.0,46,orange
19001,7426.0,46526.0,11,orange
19003,3892.0,48043.0,11,orange
19005,14060.0,45890.0,11,orange
19007,12669.0,41394.0,1,green
19009,5869.0,46979.0,11,orange
19011,25803.0,60606.0,46,orange
19013,132496.0,48369.0,39,orange
19015,26401.0,52985.0,4,orange
19017,24539.0,62163.0,10,orange
19019,20998.0,56150.0,22,orange
19021,20507.0,48195.0,11,orange
19023,14966.0,52360.0,4,orange
19025,9914.0,44921.0,34,green
19027,20629.0,50559.0,40,orange
19029,13590.0,43750.0,34,green
19031,18375.0,59047.0,46,orange
19033,43481.0,46122.0,11,orange
19035,11853.0,48599.0,11,orange
19037,12244.0,47040.0,11,orange
19039,9280.0,43327.0,34,green
19041,16537.0,50389.0,40,orange
19043,17806.0,48007.0,11,orange
17129,12611.0,60486.0,46,orange
17131,16107.0,54757.0,22,orange
17133,33539.0,70859.0,35,red
17135,29348.0,46966.0,11,orange
17137,35129.0,45978.0,11,orange
17139,14927.0,49681.0,40,orange
17141,52397.0,54849.0,22,orange
17143,187112.0,51147.0,41,orange
17145,21810.0,42478.0,1,green
17147,16495.0,66261.0,28,orange
17149,16144.0,40588.0,1,green
17151,4331.0,39223.0,45,green
17153,5871.0,31980.0,8,green
17155,5822.0,56358.0,22,orange
17051,22136.0,43944.0,34,green
17157,33069.0,48158.0,11,orange
17159,16127.0,44127.0,34,green
17161,147161.0,48817.0,39,orange
17163,267029.0,49895.0,15,orange
17165,24783.0,38258.0,45,green
17167,199016.0,56167.0,23,orange
17169,7311.0,47723.0,11,orange
17171,5198.0,47222.0,11,orange
17173,22115.0,47850.0,11,orange
17175,5859.0,50085.0,40,orange
17177,46625.0,45331.0,34,orange
17179,135697.0,58194.0,23,orange
17181,17551.0,42606.0,1,green
17183,80368.0,42977.0,32,green
17185,11652.0,47491.0,11,orange
17187,17701.0,43699.0,34,green
17189,14457.0,53202.0,4,orange
17191,16555.0,44993.0,34,green
17193,14464.0,44648.0,34,green
17195,57525.0,47401.0,11,orange
17197,683995.0,76101.0,37,red
17199,67121.0,44453.0,34,green
17055,39694.0,39512.0,45,green
17057,36323.0,46083.0,11,orange
17059,5385.0,39636.0,45,green
17071,7042.0,47672.0,11,orange
17069,4228.0,38838.0,45,green
17067,18738.0,47699.0,11,orange
17065,8322.0,44159.0,34,green
17103,35027.0,52379.0,4,orange
17095,52112.0,39976.0,45,green
27077,3949.0,42263.0,1,green
27073,7023.0,49903.0,40,orange
27003,338764.0,70873.0,5,red
27009,39221.0,52178.0,4,orange
27015,25391.0,52598.0,4,orange
27137,200506.0,48331.0,39,orange
27019,95715.0,86323.0,12,red
27023,12154.0,50858.0,40,orange
27025,53834.0,71001.0,35,red
27033,11632.0,46750.0,11,orange
27035,63048.0,49435.0,40,orange
27037,408456.0,75567.0,5,red
27039,20290.0,68116.0,28,orange
27041,36620.0,54531.0,22,orange
27043,14230.0,47540.0,11,orange
27045,20843.0,51665.0,4,orange
27047,30897.0,47105.0,11,orange
27049,46377.0,57062.0,22,orange
27051,5961.0,50174.0,40,orange
27053,1197776.0,65834.0,14,red
27055,18812.0,53809.0,4,orange
27057,20574.0,47486.0,11,orange
27059,38296.0,59865.0,46,orange
27063,10211.0,50574.0,40,orange
27065,16003.0,47384.0,11,orange
27067,42444.0,52632.0,4,orange
27069,4480.0,52326.0,4,orange
27079,27707.0,60632.0,46,orange
27081,5808.0,49575.0,40,orange
27083,25699.0,51600.0,4,orange
27085,36046.0,56128.0,22,orange
27087,5496.0,41118.0,1,green
27091,20350.0,51391.0,40,orange
27093,23129.0,55042.0,22,orange
27095,25809.0,49094.0,40,orange
27097,32962.0,50049.0,40,orange
27099,39227.0,49427.0,40,orange
27101,8529.0,51983.0,4,orange
27103,33086.0,58640.0,46,orange
27105,21687.0,50625.0,40,orange
27107,6692.0,50377.0,40,orange
27109,148736.0,68023.0,28,red
27113,14110.0,47127.0,11,orange
27115,29218.0,44549.0,34,green
27117,9354.0,46990.0,11,orange
27121,10948.0,52785.0,4,orange
27123,527411.0,56104.0,44,orange
27125,4061.0,50332.0,40,orange
27127,15723.0,47211.0,11,orange
27129,15171.0,52149.0,4,orange
27131,64886.0,59598.0,46,orange
27133,9563.0,51496.0,40,orange
27135,15615.0,53199.0,4,orange
27139,137322.0,87794.0,12,red
27141,90401.0,74170.0,35,red
27143,15021.0,56990.0,22,orange
27145,152595.0,56336.0,23,orange
27147,36523.0,57858.0,46,orange
27149,9771.0,52302.0,4,orange
27151,9525.0,49035.0,40,orange
27153,24466.0,46414.0,11,orange
27155,3429.0,49186.0,40,orange
27157,21381.0,56510.0,22,orange
27159,13759.0,41906.0,1,green
27161,19076.0,53564.0,4,orange
27163,246670.0,83706.0,12,red
27165,11054.0,50604.0,40,orange
27169,51213.0,50547.0,40,orange
27171,128691.0,73557.0,35,red
27173,10092.0,53041.0,4,orange
27011,5134.0,47794.0,11,orange
27013,65125.0,50061.0,40,orange
29011,12166.0,37467.0,45,green
29013,16643.0,41060.0,1,green
29015,18854.0,33042.0,8,green
29017,12356.0,39707.0,45,green
29019,170770.0,49899.0,39,orange
29021,89561.0,46315.0,39,orange
29023,42951.0,35738.0,24,green
29025,9083.0,43691.0,34,green
29027,44566.0,47744.0,11,orange
29029,43927.0,44816.0,34,green
29031,77606.0,46050.0,11,orange
29033,9096.0,42415.0,1,green
29035,6284.0,33034.0,8,green
29037,100781.0,61584.0,46,orange
29039,13892.0,31532.0,8,green
29041,7650.0,40642.0,1,green
29043,80904.0,53270.0,4,orange
29045,6919.0,43883.0,34,green
29047,230361.0,62099.0,0,orange
29049,20498.0,54773.0,22,orange
29051,76533.0,53088.0,4,orange
29053,17593.0,44549.0,34,green
29055,24660.0,36743.0,24,green
29061,8277.0,41642.0,1,green
29063,12782.0,41406.0,1,green
29065,15612.0,36831.0,24,green
29067,13516.0,30508.0,8,green
29069,31562.0,31077.0,8,green
29071,101828.0,48480.0,39,orange
29073,14948.0,42826.0,1,green
29075,6785.0,41912.0,1,green
29077,283206.0,41227.0,43,green
29079,10256.0,37656.0,45,green
29081,8722.0,39301.0,45,green
29083,22034.0,42181.0,1,green
29085,9335.0,32122.0,8,green
29087,4615.0,42500.0,1,green
29089,10182.0,44820.0,34,green
29091,40326.0,32784.0,8,green
29093,10322.0,36239.0,24,green
29095,680905.0,46869.0,30,orange
29099,221577.0,55348.0,23,orange
29101,54155.0,49792.0,40,orange
29103,4035.0,38289.0,45,green
29105,35514.0,39712.0,45,green
29107,32916.0,50723.0,40,orange
29009,35726.0,39033.0,45,green
29111,10172.0,43909.0,34,green
29113,53850.0,53718.0,4,orange
29115,12401.0,37997.0,45,green
29117,15042.0,43350.0,34,green
29119,22763.0,38368.0,45,green
29121,15460.0,36976.0,24,green
29123,12401.0,35097.0,24,green
29125,9057.0,39700.0,45,green
29127,28840.0,40814.0,1,green
29129,3718.0,40768.0,1,green
29131,24956.0,38094.0,45,green
29133,14208.0,28347.0,48,green
29135,15801.0,47725.0,11,orange
29137,8680.0,43138.0,34,green
29139,11939.0,39830.0,45,green
29141,20225.0,33525.0,8,green
29143,18411.0,33630.0,8,green
29145,58777.0,43290.0,34,green
29147,23186.0,35854.0,24,green
29149,10979.0,29851.0,48,green
29151,13758.0,52693.0,4,orange
29153,9537.0,31399.0,8,green
29155,17837.0,29238.0,48,green
29157,19100.0,51499.0,40,orange
29159,42215.0,39928.0,45,green
29161,45029.0,41618.0,1,green
29163,18517.0,41750.0,1,green
29165,93394.0,68254.0,28,red
29167,31107.0,41130.0,1,green
29169,53443.0,47931.0,11,orange
29171,4895.0,36346.0,24,green
29173,10243.0,47345.0,11,orange
29175,25135.0,37832.0,45,green
29177,23031.0,52526.0,4,orange
29179,6578.0,35648.0,24,green
29181,13990.0,32444.0,8,green
29183,374805.0,72415.0,5,red
29185,9520.0,32046.0,8,green
29186,17990.0,47014.0,11,orange
29187,66010.0,39741.0,45,green
29189,1001327.0,59755.0,14,red
29195,23334.0,40101.0,1,green
29197,4395.0,37500.0,45,green
29199,4873.0,39772.0,45,green
29201,39061.0,39162.0,45,green
29203,8317.0,32404.0,8,green
29205,6179.0,39087.0,45,green
29207,29837.0,38203.0,45,green
29209,31375.0,40510.0,1,green
29211,6512.0,40197.0,1,green
29213,53555.0,38357.0,45,green
29215,25735.0,35088.0,24,green
29217,20878.0,40693.0,1,green
29219,33043.0,51133.0,40,orange
29221,25048.0,35305.0,24,green
29223,13397.0,33750.0,8,green
29225,36690.0,44451.0,34,green
29227,2082.0,45952.0,11,orange
29229,18449.0,29778.0,48,green
29510,50242.08771929824,41809.40350877193,1,green
29057,7618.0,37035.0,24,green
29059,16564.0,38062.0,45,green
29001,25560.0,37516.0,45,green
29003,17328.0,55613.0,22,orange
29005,5440.0,43933.0,34,green
29007,25783.0,41310.0,1,green
29109,38244.0,40597.0,1,green
55079,955939.0,43873.0,31,orange
55101,194895.0,55584.0,23,orange
55001,20451.0,43640.0,34,green
55005,45686.0,45714.0,34,orange
55011,13319.0,50196.0,40,orange
55013,15334.0,41135.0,1,green
55015,49678.0,67427.0,28,orange
55017,63209.0,52109.0,4,orange
55019,34518.0,45048.0,34,green
55021,56607.0,59769.0,46,orange
55023,16483.0,44459.0,34,green
55025,510198.0,62865.0,33,red
55027,88547.0,53783.0,4,orange
55033,44159.0,49788.0,40,orange
55035,101281.0,49513.0,39,orange
55037,4476.0,48643.0,11,orange
55039,101920.0,55473.0,22,orange
55041,9150.0,40636.0,1,green
55043,51489.0,49067.0,40,orange
55045,37044.0,56219.0,22,orange
55047,18966.0,46780.0,11,orange
55049,23769.0,55188.0,22,orange
55053,20543.0,47851.0,11,orange
55055,84345.0,56877.0,22,orange
55057,26494.0,44961.0,34,green
55063,117048.0,50539.0,39,orange
55065,16835.0,51445.0,40,orange
55067,19551.0,41775.0,1,green
55069,28286.0,49721.0,40,orange
55073,135177.0,54083.0,41,orange
55077,15140.0,46242.0,11,orange
55137,24321.0,45166.0,34,green
55078,4451.0,35343.0,24,green
55081,45274.0,50694.0,40,orange
55085,35653.0,46516.0,11,orange
55087,180430.0,58765.0,23,orange
55091,7372.0,49516.0,40,orange
55135,52125.0,51994.0,4,orange
55133,393873.0,76545.0,5,red
55129,15700.0,42368.0,1,green
55127,103039.0,53445.0,41,orange
55125,21355.0,41061.0,1,green
55123,30279.0,47675.0,11,orange
55121,29412.0,51077.0,40,orange
55119,20569.0,45420.0,34,green
55115,41563.0,47861.0,11,orange
55113,16483.0,41665.0,1,green
55111,62992.0,51055.0,40,orange
55109,86118.0,70886.0,35,red
55107,14357.0,39194.0,45,green
55105,160727.0,50324.0,41,orange
55103,17746.0,44810.0,34,green
55099,13800.0,43137.0,34,green
55097,70432.0,51613.0,4,orange
55095,43572.0,50714.0,40,orange
55093,40799.0,61611.0,10,orange
55139,169004.0,52018.0,41,orange
55141,74012.0,48961.0,39,orange
55059,167738.0,54918.0,41,orange
55131,132921.0,69237.0,28,red
17097,702898.0,78026.0,37,red
17031,5236393.0,55251.0,36,purple
55071,80521.0,48398.0,39,orange
55009,254717.0,53527.0,15,orange
55029,27731.0,51928.0,4,orange
55061,20483.0,56863.0,22,orange
27027,60879.0,57965.0,46,orange
27071,13054.0,42919.0,34,green
27075,10750.0,48417.0,11,orange
27031,5194.0,52299.0,4,orange
27021,28519.0,46531.0,11,orange
27001,15839.0,42252.0,1,green
27061,45354.0,47761.0,11,orange
27111,57511.0,52365.0,4,orange
27005,33138.0,52038.0,4,orange
27029,8752.0,43421.0,34,green
27119,31547.0,53326.0,4,orange
27089,9453.0,54092.0,4,orange
55031,43799.0,47095.0,11,orange
55051,5907.0,42543.0,1,green
55007,15050.0,46665.0,11,orange
55003,15993.0,39381.0,45,green
55075,41287.0,43425.0,34,green
55083,37476.0,52765.0,4,orange
55089,87273.0,76433.0,25,red
27167,6526.0,51476.0,40,orange
55117,115226.0,53713.0,41,orange
12027,34957.0,35165.0,24,green
12111,288006.0,43459.0,20,green
12051,38363.0,36771.0,24,green
12049,27468.0,35457.0,24,green
12055,98328.0,35093.0,24,green
12097,300870.0,44254.0,20,orange
12105,626676.0,43162.0,30,orange
12061,142866.0,45798.0,32,orange
12093,39255.0,35405.0,24,green
12043,13272.0,34877.0,24,green
12085,151586.0,51593.0,41,orange
12087,75901.0,57290.0,22,orange
12103,931477.0,45819.0,31,orange
12115,392038.0,51766.0,15,orange
12115,392038.0,51766.0,15,orange
12011,1843152.0,51968.0,9,purple
12021,341091.0,57452.0,0,orange
12086,2639042.0,43129.0,29,purple
12099,1378806.0,53363.0,21,red
5055,43382.0,41286.0,1,green
5057,22336.0,32122.0,8,green
5059,33316.0,40000.0,45,green
5061,13555.0,34229.0,24,green
5063,36952.0,36265.0,24,green
5065,13480.0,32630.0,8,green
5067,17597.0,31261.0,8,green
5069,73548.0,36747.0,24,green
5071,25930.0,34139.0,24,green
5073,7270.0,31194.0,8,green
5075,17029.0,32379.0,8,green
5077,9966.0,28393.0,48,green
5079,14062.0,32580.0,8,green
5081,12720.0,36205.0,24,green
5083,22001.0,35325.0,24,green
5085,70691.0,53631.0,4,orange
5089,16458.0,34195.0,24,green
5091,43652.0,40317.0,1,green
5093,44864.0,34612.0,24,green
5095,7713.0,27647.0,48,green
5097,9197.0,33037.0,8,green
5087,15702.0,37691.0,45,green
5099,8793.0,30691.0,8,green
5101,8052.0,34536.0,24,green
5103,25044.0,31293.0,8,green
5105,10300.0,42346.0,1,green
5107,20391.0,26844.0,48,green
5109,11087.0,33097.0,8,green
5111,24210.0,33070.0,8,green
5113,20364.0,33702.0,8,green
5115,62830.0,39810.0,45,green
5117,8402.0,35833.0,24,green
5119,390463.0,46140.0,20,orange
5121,17695.0,34044.0,8,green
5123,27345.0,32105.0,8,green
5125,113833.0,55817.0,22,orange
5127,10870.0,37321.0,45,green
5129,7965.0,33083.0,8,green
5131,127273.0,38575.0,43,green
5133,17268.0,36579.0,24,green
5135,17055.0,30691.0,8,green
5137,12512.0,29264.0,48,green
5139,40633.0,38678.0,45,green
5141,17002.0,32312.0,8,green
5143,216432.0,43524.0,32,green
5145,78660.0,42554.0,1,green
5147,6983.0,28993.0,48,green
5149,21835.0,37804.0,45,green
5009,37227.0,39251.0,45,green
20195,2951.0,54000.0,4,orange
20193,7925.0,48504.0,11,orange
20191,23638.0,50141.0,40,orange
20189,5772.0,55433.0,22,orange
20187,2149.0,43780.0,34,green
20185,4320.0,47377.0,11,orange
20183,3740.0,43848.0,34,green
20181,6054.0,39029.0,45,green
20179,2531.0,49750.0,40,orange
20177,178792.0,50378.0,41,orange
20175,23274.0,47134.0,11,orange
20173,506529.0,50657.0,30,orange
20171,4928.0,51850.0,4,orange
20169,55735.0,47801.0,11,orange
20167,6988.0,41102.0,1,green
20165,3184.0,38854.0,45,green
20163,5186.0,43558.0,34,green
20161,75022.0,44437.0,34,green
20159,10014.0,48460.0,11,orange
20157,4806.0,40449.0,1,green
20155,64058.0,45288.0,34,orange
20153,2545.0,41579.0,1,green
20151,9739.0,49550.0,40,orange
20149,22625.0,60216.0,46,orange
20147,5501.0,44170.0,34,green
20145,6911.0,43250.0,34,green
20143,6048.0,52479.0,4,orange
20141,3782.0,40216.0,1,green
20139,16080.0,49915.0,40,orange
20137,5590.0,47852.0,11,orange
20135,3077.0,44904.0,34,green
20133,16423.0,43195.0,34,green
20131,10159.0,48653.0,11,orange
20129,3106.0,46028.0,11,orange
20127,5750.0,47089.0,11,orange
20125,34184.0,41083.0,1,green
20123,6296.0,48217.0,11,orange
20121,32688.0,60966.0,46,orange
20119,4383.0,52250.0,4,orange
20117,10005.0,45374.0,34,green
20115,12290.0,45927.0,11,orange
20113,29252.0,56128.0,22,orange
20111,33462.0,40021.0,45,green
20109,2793.0,46875.0,11,orange
20107,9528.0,46964.0,11,orange
20105,3154.0,44276.0,34,green
20103,78227.0,63726.0,10,orange
20101,1674.0,56507.0,22,orange
20099,21048.0,41439.0,1,green
20097,2536.0,43963.0,34,green
20095,7790.0,50844.0,40,orange
20093,3952.0,50506.0,40,orange
20091,566814.0,76113.0,37,red
20089,3038.0,40553.0,1,green
20087,18898.0,57236.0,22,orange
20085,13400.0,54077.0,4,orange
20083,1939.0,54856.0,22,orange
20081,4130.0,56484.0,22,orange
20079,34835.0,51327.0,40,orange
20077,5861.0,43973.0,34,green
20075,2586.0,45114.0,34,green
20073,6393.0,38838.0,45,green
20071,1224.0,47750.0,11,orange
20069,6065.0,61000.0,46,orange
20209,160806.0,40113.0,43,green
20001,13081.0,38698.0,45,green
20003,7896.0,40696.0,1,green
20005,16633.0,43581.0,34,green
20007,4770.0,51811.0,4,orange
20009,27399.0,44013.0,34,green
20011,14812.0,38280.0,45,green
20013,9880.0,43724.0,34,green
20015,66092.0,58897.0,46,orange
20017,2722.0,38707.0,45,green
20019,3520.0,37993.0,45,green
20021,20952.0,41388.0,1,green
20023,2682.0,44500.0,34,green
20025,2145.0,42589.0,1,green
20027,8421.0,52066.0,4,orange
20029,9339.0,39282.0,45,green
20031,8458.0,57433.0,22,orange
20033,2010.0,45288.0,34,green
20035,36079.0,43860.0,34,green
20037,39304.0,36534.0,24,green
20039,2905.0,40657.0,1,green
20041,19516.0,49096.0,40,orange
20043,7859.0,47209.0,11,orange
20045,114967.0,50939.0,41,orange
20047,2991.0,47303.0,11,orange
20049,2683.0,36458.0,24,green
20051,28993.0,45579.0,34,orange
20053,6410.0,47736.0,11,orange
20055,37133.0,49227.0,40,orange
20057,34714.0,50777.0,40,orange
20059,25753.0,51081.0,40,orange
20061,36787.0,43992.0,34,green
20063,2735.0,46364.0,11,orange
20065,2593.0,43826.0,34,green
38105,29619.0,88013.0,12,red
38001,2341.0,52118.0,4,orange
38003,11097.0,53141.0,4,orange
38005,6794.0,41296.0,1,green
38007,969.0,70469.0,35,red
38009,6634.0,56349.0,22,orange
38011,3221.0,66845.0,28,orange
38013,2208.0,60096.0,46,orange
38015,88223.0,65254.0,28,orange
38017,162500.0,53289.0,41,orange
38019,3890.0,66806.0,28,orange
38021,5195.0,53750.0,4,orange
38101,67736.0,61393.0,46,orange
38103,4204.0,48098.0,11,orange
38059,28985.0,62418.0,10,orange
31007,820.0,48897.0,40,orange
31009,551.0,48875.0,40,orange
31011,5373.0,50306.0,40,orange
31013,11310.0,51691.0,4,orange
31015,2039.0,40224.0,1,green
31017,3078.0,36078.0,24,green
31019,47958.0,53624.0,4,orange
31021,6647.0,47429.0,11,orange
31023,8256.0,51027.0,40,orange
31025,25360.0,65619.0,10,orange
31027,8675.0,52250.0,4,orange
31029,3897.0,52422.0,4,orange
31033,10077.0,53814.0,4,orange
31035,6382.0,51470.0,40,orange
31037,10522.0,51367.0,40,orange
31039,9078.0,50013.0,40,orange
31041,10802.0,46468.0,11,orange
31043,20798.0,49786.0,40,orange
31045,9136.0,41038.0,1,green
31047,24069.0,48329.0,11,orange
31109,298080.0,51830.0,15,orange
31111,35896.0,50194.0,40,orange
31113,851.0,48281.0,11,orange
31115,548.0,55417.0,22,orange
31117,433.0,54306.0,4,orange
31119,35111.0,50218.0,40,orange
31121,7776.0,51012.0,40,orange
31123,4874.0,45910.0,11,orange
31125,3639.0,42500.0,1,green
31127,7168.0,49656.0,40,orange
31129,4391.0,40488.0,1,green
31131,15842.0,50275.0,40,orange
31133,2726.0,41161.0,1,green
31135,2924.0,55893.0,22,orange
31137,9216.0,50404.0,40,orange
31139,7184.0,54482.0,4,orange
31141,32642.0,56318.0,22,orange
31143,5271.0,57312.0,22,orange
31145,10946.0,42931.0,34,green
31147,8201.0,42750.0,1,green
31149,1401.0,48456.0,11,orange
31151,14360.0,51738.0,4,orange
31153,169192.0,70543.0,35,red
31155,20913.0,60854.0,46,orange
31157,36684.0,45992.0,11,orange
31159,16998.0,59662.0,46,orange
31161,5294.0,41985.0,1,green
31163,3107.0,46366.0,11,orange
31185,13825.0,51802.0,4,orange
31169,5182.0,45741.0,34,orange
31171,675.0,51000.0,40,orange
31173,6946.0,41266.0,1,green
31175,4254.0,44612.0,34,green
31177,20257.0,65370.0,10,orange
31179,9425.0,54159.0,4,orange
31181,3697.0,40256.0,1,green
31183,847.0,46394.0,11,orange
31001,31442.0,50635.0,40,orange
31167,6081.0,53416.0,4,orange
31005,448.0,39375.0,45,green
31003,6486.0,45609.0,34,orange
46123,5504.0,37153.0,24,green
46121,9942.0,31128.0,8,green
46119,1469.0,60417.0,46,orange
46115,6570.0,48217.0,11,orange
46102,14153.0,26369.0,48,green
46111,2339.0,50541.0,40,orange
46109,10318.0,48614.0,11,orange
46107,2307.0,46081.0,11,orange
46105,2981.0,39773.0,45,green
46101,6439.0,52446.0,4,orange
46099,178942.0,53525.0,41,orange
46097,2306.0,44938.0,34,green
46091,4701.0,51788.0,4,orange
46089,2263.0,36375.0,24,green
46087,5613.0,56954.0,22,orange
46085,3837.0,43030.0,34,green
46083,49874.0,76094.0,25,red
46079,12086.0,54535.0,4,orange
46077,5107.0,53828.0,4,orange
46073,2031.0,53125.0,4,orange
46071,3237.0,45074.0,34,green
46129,5495.0,43221.0,34,green
46135,22636.0,48176.0,11,orange
46137,2833.0,35119.0,24,green
22111,22533.0,34992.0,24,green
22107,4893.0,22940.0,17,green
22097,83613.0,32625.0,8,green
22093,21650.0,51107.0,40,orange
22085,24248.0,38828.0,45,green
22083,20777.0,36421.0,24,green
22081,8838.0,38000.0,45,green
22079,132225.0,40734.0,43,green
22073,155769.0,37754.0,43,green
22069,39330.0,31345.0,8,green
22067,27012.0,28003.0,48,green
22061,47349.0,33467.0,8,green
22059,14899.0,37310.0,45,green
22055,231811.0,51869.0,41,orange
22049,16109.0,38029.0,45,green
22043,22362.0,39914.0,45,green
22041,20550.0,30275.0,48,green
22039,33768.0,30009.0,48,green
22035,7501.0,21099.0,17,green
22031,26965.0,41468.0,1,green
22029,20449.0,29654.0,48,green
22027,16639.0,32072.0,8,green
22025,10247.0,34904.0,24,green
22021,9990.0,33294.0,8,green
22017,254742.0,41234.0,43,green
22015,123403.0,52892.0,41,orange
22013,13977.0,32876.0,8,green
22011,36259.0,45969.0,11,orange
22005,114738.0,70551.0,35,red
22003,25653.0,40948.0,1,green
22001,62163.0,37649.0,45,green
22065,11873.0,23854.0,17,green
22095,44161.0,50921.0,40,orange
22119,40617.0,33681.0,8,green
22121,24669.0,53703.0,4,orange
22123,11454.0,31926.0,8,green
22127,14855.0,31087.0,8,green
22115,52476.0,46312.0,11,orange
22089,52639.0,59990.0,46,orange
22091,10818.0,35437.0,24,green
22077,22498.0,43825.0,34,green
22037,19855.0,45520.0,34,orange
22033,444690.0,49285.0,30,orange
22009,41389.0,33739.0,8,green
22063,133949.0,58251.0,23,orange
22125,15415.0,56685.0,22,orange
12019,197417.0,58290.0,23,orange
12013,14615.0,34510.0,24,green
12007,27223.0,41606.0,1,green
12003,27135.0,47121.0,11,orange
12001,254218.0,43073.0,20,green
12107,72696.0,31715.0,8,green
12023,67806.0,41926.0,1,green
12109,210495.0,66194.0,28,red
12041,16992.0,40623.0,1,green
12047,14395.0,35048.0,24,green
12067,8801.0,35864.0,24,green
12073,282940.0,46745.0,20,orange
12121,43595.0,36289.0,24,green
12125,15191.0,39163.0,45,green
12079,18729.0,32164.0,8,green
22019,195887.0,45312.0,32,orange
12083,336811.0,39459.0,43,green
22053,31434.0,39063.0,45,green
38053,9615.0,72794.0,35,red
38025,4195.0,69732.0,35,red
38085,4380.0,38068.0,45,green
46117,2962.0,56829.0,22,orange
22047,33229.0,45117.0,34,green
12063,48900.0,35098.0,24,green
12063,48900.0,35098.0,24,green
12035,100783.0,47866.0,39,orange
12045,15785.0,41788.0,1,green
22113,59110.0,45374.0,34,orange
22045,73938.0,45261.0,34,orange
22103,242960.0,62137.0,0,orange
22071,376738.0,36792.0,43,green
38077,16317.0,55390.0,22,orange
12059,19635.0,35020.0,24,green
38099,11005.0,49411.0,40,orange
31165,1249.0,41215.0,1,green
31031,5770.0,48750.0,11,orange
46093,26381.0,52473.0,4,orange
46103,106085.0,50890.0,39,orange
46081,24645.0,45548.0,34,orange
46033,8394.0,52218.0,4,orange
46047,6906.0,45997.0,11,orange
22057,97474.0,51030.0,39,orange
22051,435092.0,47947.0,30,orange
22075,23599.0,50314.0,40,orange
22007,23057.0,49167.0,40,orange
22099,53126.0,42794.0,1,green
22109,112742.0,47826.0,39,orange
12091,192237.0,55880.0,23,orange
12113,161021.0,58923.0,23,orange
12033,306327.0,45390.0,20,orange
12039,46424.0,35567.0,24,green
22023,6706.0,64231.0,10,orange
12045,15785.0,41788.0,1,green
12037,11628.0,40401.0,1,green
22117,46556.0,30705.0,8,green
22087,42858.0,42753.0,1,green
22105,125486.0,41302.0,32,green
12031,890673.0,47690.0,31,orange
12089,75880.0,54116.0,4,orange
12131,59487.0,44966.0,34,green
12117,437346.0,57010.0,44,orange
12095,1229039.0,47943.0,21,red
12119,108501.0,50350.0,39,orange
12069,310561.0,46403.0,20,orange
12009,553591.0,48925.0,30,orange
12127,503719.0,41117.0,30,green
12071,663675.0,48537.0,30,orange
12071,663675.0,48537.0,30,orange
12015,165783.0,44244.0,32,green
12015,165783.0,44244.0,32,green
12087,75901.0,57290.0,22,orange
12087,75901.0,57290.0,22,orange
12087,75901.0,57290.0,22,orange
12133,24629.0,38970.0,45,green
12005,175353.0,47368.0,39,orange
12131,59487.0,44966.0,34,green
48127,10682.0,36825.0,24,green
48131,11577.0,33939.0,8,green
48215,819217.0,34782.0,31,green
48247,5239.0,35521.0,24,green
48249,41461.0,42986.0,34,green
48283,7191.0,37292.0,45,green
48311,778.0,46250.0,11,orange
48427,62648.0,26172.0,48,green
48479,263251.0,38862.0,43,green
48505,14308.0,32162.0,8,green
48047,7221.0,22741.0,17,green
48025,32659.0,42302.0,1,green
48061,417947.0,33266.0,43,green
48273,32029.0,38247.0,45,green
48355,352060.0,50337.0,15,orange
30043,11502.0,60842.0,46,orange
30045,1997.0,44602.0,34,green
30051,2369.0,47768.0,11,orange
30055,1728.0,40750.0,1,green
30057,7767.0,46250.0,11,orange
30059,1898.0,41641.0,1,green
30061,4238.0,36031.0,24,green
30065,4790.0,39517.0,45,green
30069,443.0,43750.0,34,green
30075,1703.0,46346.0,11,orange
30079,1372.0,42383.0,1,green
30083,11132.0,65084.0,10,orange
30091,3630.0,50664.0,40,orange
30093,34549.0,37749.0,45,green
30101,5150.0,44804.0,34,green
30103,812.0,41103.0,1,green
30109,986.0,38553.0,45,green
30111,153692.0,52802.0,41,orange
35028,17939.0,101934.0,47,red
40011,9810.0,41972.0,1,green
40013,44003.0,38847.0,45,green
40015,29495.0,40674.0,1,green
40017,126193.0,64505.0,28,orange
40019,48442.0,44531.0,34,green
40021,48097.0,38694.0,45,green
40023,15120.0,30617.0,8,green
40025,2341.0,46680.0,11,orange
40027,268614.0,56452.0,23,orange
40029,5812.0,38243.0,45,green
40031,125531.0,46241.0,32,orange
40033,6112.0,46361.0,11,orange
40035,14744.0,38876.0,45,green
40037,70761.0,45016.0,34,green
40039,28978.0,46125.0,11,orange
40041,41409.0,37942.0,45,green
40043,4863.0,50904.0,40,orange
40045,4121.0,50855.0,40,orange
40047,62192.0,48238.0,39,orange
40049,27455.0,40524.0,1,green
40051,53612.0,52279.0,4,orange
40053,4517.0,50250.0,40,orange
40055,6117.0,40125.0,1,green
40057,2866.0,31250.0,8,green
40059,3766.0,48359.0,11,orange
40061,12850.0,35252.0,24,green
40063,13785.0,35563.0,24,green
40065,26056.0,41560.0,1,green
40067,6333.0,33449.0,8,green
40069,11022.0,38776.0,45,green
40071,45587.0,42134.0,1,green
40073,15302.0,60034.0,46,orange
40075,9302.0,39909.0,45,green
40153,20986.0,55300.0,22,orange
40079,49899.0,36490.0,24,green
40081,34504.0,45149.0,34,green
40083,44493.0,55299.0,22,orange
40085,9663.0,44549.0,34,green
40087,36512.0,56088.0,22,orange
40089,33143.0,32324.0,8,green
40091,20280.0,36011.0,24,green
40093,7700.0,51571.0,40,orange
40095,16014.0,40475.0,1,green
40097,41007.0,42071.0,1,green
40099,13733.0,47077.0,11,orange
40101,70224.0,39984.0,1,green
40103,11506.0,48285.0,11,orange
40105,10555.0,39875.0,45,green
40107,12248.0,36216.0,24,green
40109,754480.0,47437.0,31,orange
40111,39446.0,38843.0,45,green
40113,48054.0,45443.0,34,orange
40115,32085.0,36347.0,24,green
40117,16499.0,45765.0,34,orange
40119,79423.0,37667.0,45,green
40121,44961.0,42576.0,1,green
40123,38055.0,43261.0,34,green
40125,71136.0,44688.0,34,green
40127,11226.0,32445.0,8,green
40129,3780.0,50739.0,40,orange
40131,89190.0,58139.0,46,orange
40133,25481.0,36068.0,24,green
40135,41464.0,35736.0,24,green
40137,44806.0,43781.0,34,green
40139,21588.0,50242.0,40,orange
40141,7715.0,37759.0,45,green
40143,623335.0,49759.0,30,orange
40145,75391.0,55715.0,22,orange
40147,51760.0,50023.0,40,orange
40149,11649.0,49632.0,40,orange
40151,9033.0,55315.0,22,orange
40077,10774.0,39205.0,45,green
40001,22236.0,33404.0,8,green
40003,5755.0,50156.0,40,orange
40005,13906.0,36661.0,24,green
40007,5530.0,52090.0,4,orange
40009,23300.0,48601.0,11,orange
48105,3699.0,53678.0,4,orange
48107,6007.0,37434.0,45,green
48111,7014.0,41345.0,1,green
48113,2485003.0,50270.0,29,purple
48115,13542.0,41095.0,1,green
48117,19245.0,43373.0,34,green
48119,5223.0,42432.0,1,green
48121,731851.0,75050.0,37,red
48123,20540.0,49736.0,40,orange
48125,2281.0,39700.0,45,green
48129,3588.0,36681.0,24,green
48133,18328.0,34888.0,24,green
48135,149557.0,57150.0,23,orange
48137,1906.0,41813.0,1,green
48139,157058.0,62465.0,23,orange
48143,40039.0,41416.0,1,green
48145,17410.0,36079.0,24,green
48147,33748.0,44071.0,34,green
48149,24849.0,47808.0,11,orange
48151,3858.0,41406.0,1,green
48153,6178.0,41026.0,1,green
48155,1197.0,36477.0,24,green
48157,658331.0,89152.0,7,red
48159,10599.0,41537.0,1,green
48161,19586.0,44301.0,34,green
48165,18916.0,57635.0,22,orange
48169,6410.0,48508.0,11,orange
48171,25398.0,54859.0,22,orange
48173,1180.0,67303.0,28,orange
48177,20172.0,42983.0,34,green
48179,22983.0,43288.0,34,green
48181,122780.0,47952.0,39,orange
48183,123178.0,47639.0,39,orange
48185,26961.0,46195.0,11,orange
48187,143460.0,62420.0,23,orange
48189,35504.0,43375.0,34,green
48191,3203.0,30950.0,8,green
48193,8266.0,42432.0,1,green
48195,5559.0,44219.0,34,green
48197,3992.0,37174.0,24,green
48199,55375.0,52614.0,4,orange
48203,66417.0,45974.0,11,orange
48205,6121.0,63004.0,10,orange
48207,5853.0,39850.0,45,green
48209,177562.0,58583.0,23,orange
48211,4115.0,62813.0,10,orange
48213,79016.0,41607.0,1,green
48217,34923.0,41382.0,1,green
48219,23322.0,50665.0,40,orange
48221,53171.0,56100.0,22,orange
48223,35645.0,44396.0,34,green
48225,22949.0,32698.0,8,green
48227,36105.0,49575.0,40,orange
48231,88052.0,45197.0,32,orange
48233,21858.0,49353.0,40,orange
48235,1644.0,58500.0,46,orange
48237,8946.0,50324.0,40,orange
48251,155450.0,58135.0,23,orange
48253,19978.0,43897.0,34,green
48257,109289.0,60391.0,46,orange
48259,37361.0,73240.0,35,red
48263,821.0,47024.0,11,orange
48265,50149.0,43810.0,34,green
48267,4486.0,40125.0,1,green
48269,267.0,63250.0,10,orange
48271,3577.0,38281.0,45,green
48275,3796.0,40493.0,1,green
48277,49566.0,40748.0,1,green
48279,13742.0,39851.0,45,green
48281,20219.0,49630.0,40,orange
48285,19549.0,48677.0,11,orange
48287,16664.0,53902.0,4,orange
48289,16819.0,49802.0,40,orange
48291,77486.0,48729.0,39,orange
48293,23454.0,37554.0,45,green
48295,3483.0,63125.0,10,orange
48299,19323.0,48259.0,11,orange
48301,117.0,46776.1377952756,11,orange
48303,290782.0,46075.0,20,orange
48305,5764.0,39526.0,45,green
48307,8273.0,40561.0,1,green
48309,241505.0,42687.0,43,green
48313,13838.0,39390.0,45,green
48315,10248.0,34175.0,24,green
48317,5252.0,55682.0,22,orange
48319,4066.0,37654.0,45,green
48325,47392.0,57338.0,22,orange
48327,2182.0,34464.0,24,green
48329,151290.0,68806.0,28,red
48331,24344.0,38929.0,45,green
48333,4875.0,43920.0,34,green
48335,9169.0,49870.0,40,orange
48337,19478.0,46172.0,11,orange
48339,502586.0,68838.0,33,red
48341,22281.0,49802.0,40,orange
48343,12700.0,39453.0,45,green
48345,1071.0,31683.0,8,green
48347,65531.0,39538.0,45,green
48349,48118.0,41505.0,1,green
48351,14231.0,38144.0,45,green
48353,15061.0,37102.0,24,green
48357,10642.0,51517.0,40,orange
48359,2071.0,50893.0,40,orange
48363,27921.0,39516.0,45,green
48365,23900.0,50119.0,40,orange
48103,4730.0,58333.0,46,orange
48369,10004.0,45326.0,34,green
48371,15807.0,50305.0,40,orange
48373,46113.0,39662.0,45,green
48375,122352.0,38159.0,45,green
48379,11037.0,48448.0,11,orange
48381,126782.0,60972.0,23,orange
48383,3598.0,52181.0,4,orange
48385,3356.0,36523.0,24,green
48387,12567.0,31563.0,8,green
48393,931.0,63889.0,10,orange
48395,16532.0,46501.0,11,orange
48397,85536.0,87524.0,12,red
48399,10445.0,41526.0,1,green
48401,53457.0,46173.0,11,orange
48403,10440.0,31307.0,8,green
48405,8695.0,28275.0,48,green
48407,27023.0,43029.0,34,green
48411,5893.0,39040.0,45,green
48413,3224.0,55543.0,22,orange
48415,17238.0,56842.0,22,orange
48417,3352.0,48750.0,11,orange
48419,25725.0,37756.0,45,green
48421,3066.0,51987.0,4,orange
48423,217552.0,46929.0,20,orange
48425,8608.0,51912.0,4,orange
48429,9452.0,43951.0,34,green
48431,1346.0,53456.0,4,orange
48433,1414.0,42155.0,1,green
48435,3966.0,51667.0,4,orange
48437,7713.0,37040.0,24,green
48439,1914526.0,58711.0,9,purple
48441,134435.0,45396.0,32,orange
48443,921.0,31111.0,8,green
48445,12687.0,37475.0,45,green
48447,1545.0,41042.0,1,green
48449,32553.0,44178.0,34,green
48451,115056.0,46711.0,39,orange
48453,1121645.0,61451.0,14,red
48455,14405.0,34295.0,24,green
48457,21462.0,41360.0,1,green
48459,40096.0,46673.0,11,orange
48461,3405.0,46131.0,11,orange
48463,26952.0,38568.0,45,green
48465,48980.0,42174.0,1,green
48467,52736.0,44002.0,34,green
48471,69330.0,37666.0,45,green
48473,45847.0,51348.0,40,orange
48475,11225.0,51345.0,40,orange
48477,34236.0,51269.0,40,orange
48481,41264.0,45176.0,34,green
48483,5618.0,52221.0,4,orange
48485,131957.0,45543.0,32,orange
48487,13158.0,41630.0,1,green
48491,473592.0,73750.0,37,red
48493,45509.0,68100.0,28,orange
48495,7576.0,55756.0,22,orange
48497,61243.0,56897.0,22,orange
48499,42712.0,45686.0,34,orange
48501,8213.0,56153.0,22,orange
48503,18329.0,44693.0,34,green
48087,3058.0,39743.0,45,green
48085,862215.0,84735.0,19,red
48083,8536.0,35156.0,24,green
48081,3238.0,42467.0,1,green
48079,2993.0,39113.0,45,green
48077,10479.0,48297.0,11,orange
48075,7059.0,36633.0,24,green
48073,51167.0,39595.0,45,green
48069,7948.0,39459.0,45,green
48067,30328.0,37352.0,45,green
48065,6068.0,66023.0,10,orange
48063,12516.0,37851.0,45,green
48059,13532.0,40981.0,1,green
48055,39347.0,47233.0,11,orange
48053,44144.0,49732.0,40,orange
48051,17293.0,51821.0,4,orange
48049,37833.0,41962.0,1,green
48045,1670.0,38603.0,45,green
48041,205271.0,39808.0,43,green
48037,93155.0,42670.0,32,green
48035,17971.0,44674.0,34,green
48033,705.0,73750.0,35,red
48031,10723.0,55504.0,22,orange
48029,1825502.0,51150.0,9,purple
48027,326041.0,50550.0,15,orange
48023,3628.0,36373.0,24,green
48021,76948.0,54821.0,22,orange
48019,20796.0,49863.0,40,orange
48017,7126.0,37397.0,45,green
48015,28886.0,53687.0,4,orange
48011,1943.0,59737.0,46,orange
48009,8779.0,60275.0,46,orange
48005,87748.0,44223.0,32,green
48003,16775.0,70423.0,35,red
48001,57915.0,41327.0,1,green
48089,20757.0,46618.0,11,orange
48245,252872.0,43540.0,20,green
48091,119632.0,65833.0,28,orange
48093,13623.0,37470.0,45,green
48095,4086.0,48368.0,11,orange
48097,38761.0,52406.0,4,orange
48099,76128.0,49340.0,39,orange
48101,1510.0,34955.0,24,green
48367,121418.0,67288.0,28,red
56015,13544.0,42689.0,1,green
56027,2516.0,40398.0,1,green
56041,20930.0,56569.0,22,orange
48361,83217.0,49763.0,39,orange
30053,19337.0,35275.0,24,green
48039,331741.0,69749.0,5,red
48071,37251.0,70544.0,35,red
48167,308163.0,62313.0,0,orange
8085,40815.0,43999.0,34,green
8113,7676.0,56047.0,22,orange
8051,15651.0,48071.0,11,orange
8005,608310.0,63265.0,33,red
8123,270948.0,60572.0,0,orange
8039,23855.0,84963.0,12,red
8093,16189.0,56969.0,22,orange
8019,9136.0,67710.0,28,orange
8001,471206.0,58946.0,44,orange
8073,5478.0,39005.0,45,green
8049,14411.0,63628.0,10,orange
8059,552344.0,70164.0,37,red
8053,874.0,57083.0,22,orange
8091,4580.0,61624.0,10,orange
8007,12174.0,46646.0,11,orange
8029,30214.0,42452.0,1,green
8077,147834.0,49322.0,39,orange
8037,52576.0,72214.0,35,red
8033,1862.0,31875.0,8,green
8083,25700.0,43553.0,34,green
8107,23606.0,64963.0,10,orange
8117,28940.0,67983.0,28,orange
8081,13117.0,51387.0,40,orange
8069,318227.0,59805.0,0,orange
8057,1335.0,46014.0,11,orange
8035,306974.0,102964.0,16,red
8067,53182.0,60278.0,46,orange
8013,310032.0,70961.0,5,red
8119,23340.0,62372.0,10,orange
8027,4303.0,35000.0,24,green
8101,161519.0,41286.0,43,green
8055,6502.0,31715.0,8,green
8079,733.0,48125.0,11,orange
8021,8249.0,36652.0,24,green
8065,7362.0,45367.0,34,green
8109,6238.0,33393.0,8,green
8043,46809.0,40423.0,1,green
8003,16269.0,32395.0,8,green
8015,18309.0,51092.0,40,orange
8105,11745.0,39672.0,45,green
8041,655024.0,58206.0,44,red
8023,3581.0,31321.0,8,green
8061,1463.0,40304.0,1,green
8014,60699.0,81898.0,25,red
8071,14503.0,45067.0,34,green
8045,57076.0,56590.0,22,orange
8047,5605.0,65670.0,10,orange
8103,6712.0,61842.0,10,orange
8097,17420.0,71196.0,35,red
16043,12945.0,47988.0,11,orange
30097,3633.0,50588.0,40,orange
30095,9288.0,58259.0,46,orange
30077,6975.0,40000.0,45,green
30099,6074.0,46360.0,11,orange
30067,15708.0,43932.0,34,green
30031,95323.0,55553.0,22,orange
30063,111966.0,46164.0,32,orange
30039,3168.0,48512.0,11,orange
30037,756.0,40938.0,1,green
30107,2115.0,32723.0,8,green
30009,10268.0,49767.0,40,orange
30047,29157.0,38732.0,45,green
30089,11346.0,32257.0,8,green
30029,93333.0,47851.0,39,orange
30035,13672.0,29640.0,48,green
30073,6206.0,42264.0,1,green
30049,65357.0,56197.0,22,orange
30081,40823.0,39480.0,45,green
30071,4167.0,36071.0,24,green
30003,13141.0,41622.0,1,green
30087,9352.0,51159.0,40,orange
30085,11072.0,32974.0,8,green
30105,7577.0,49141.0,40,orange
35043,136638.0,58982.0,23,orange
35049,147108.0,54315.0,41,orange
35039,39949.0,36098.0,24,green
35053,17494.0,34037.0,8,green
35057,15853.0,32083.0,8,green
35061,76297.0,41703.0,1,green
35001,673943.0,47725.0,30,orange
35006,27382.0,34565.0,24,green
35059,4339.0,36070.0,24,green
35045,125133.0,48671.0,39,orange
35027,19931.0,40708.0,1,green
35003,3583.0,42973.0,34,green
35051,11615.0,29356.0,48,green
48389,14179.0,43540.0,34,green
48109,2296.0,35000.0,24,green
48043,9235.0,38395.0,45,green
48243,2232.0,50165.0,40,orange
48377,7304.0,32132.0,8,green
49047,35721.0,66815.0,28,orange
56013,40755.0,52773.0,4,orange
56037,44772.0,69022.0,28,red
56025,80011.0,56871.0,22,orange
56023,18316.0,66647.0,28,orange
56039,22311.0,75325.0,35,red
56035,10117.0,81772.0,25,red
56029,28985.0,56363.0,22,orange
56017,4809.0,45278.0,34,green
56043,8400.0,47652.0,11,orange
56019,8600.0,54065.0,4,orange
56003,11895.0,51679.0,4,orange
56045,7152.0,57738.0,22,orange
56011,7229.0,60445.0,46,orange
56007,15739.0,56825.0,22,orange
56001,37565.0,42834.0,1,green
56009,14101.0,62307.0,10,orange
56005,48013.0,80060.0,25,red
56021,95431.0,60706.0,46,orange
56033,29738.0,55455.0,22,orange
35031,73998.0,28772.0,48,green
35055,32943.0,36582.0,24,green
56031,8750.0,38500.0,45,green
48163,18168.0,36404.0,24,green
48175,7410.0,51226.0,40,orange
48255,14879.0,45502.0,34,orange
48297,11873.0,50400.0,40,orange
48323,56548.0,33747.0,8,green
48507,12060.0,26672.0,48,green
48013,47050.0,52192.0,4,orange
48469,90099.0,51758.0,41,orange
48007,24292.0,41690.0,1,green
48409,66070.0,52261.0,4,orange
48391,7277.0,44240.0,34,green
48201,4356362.0,54457.0,13,purple
48201,4356362.0,54457.0,13,purple
48141,831095.0,41637.0,31,orange
48229,3330.0,26384.0,48,green
6031,150998.0,46481.0,32,orange
6099,527367.0,50125.0,30,orange
6113,207320.0,54989.0,41,orange
16001,417501.0,56356.0,44,orange
16007,5939.0,48654.0,11,orange
16017,41066.0,42171.0,1,green
16021,10961.0,38961.0,45,green
16027,198921.0,42888.0,32,green
16029,6808.0,58021.0,46,orange
16033,901.0,33672.0,8,green
16047,15233.0,39930.0,45,green
16053,22653.0,41630.0,1,green
16061,3812.0,36505.0,24,green
16067,20279.0,44853.0,34,green
16071,4245.0,41338.0,1,green
16075,22700.0,44257.0,34,green
16079,12571.0,37665.0,45,green
16081,10285.0,53474.0,4,orange
35009,50497.0,41084.0,1,green
35011,2020.0,32500.0,8,green
35019,4526.0,30772.0,8,green
35021,565.0,33393.0,8,green
35029,24789.0,27476.0,48,green
35037,8698.0,29113.0,48,green
35041,19908.0,35546.0,24,green
32001,24252.0,47415.0,11,orange
32009,1141.0,39271.0,45,green
32013,17067.0,65212.0,10,orange
32021,4566.0,38923.0,45,green
32029,3929.0,64832.0,10,orange
32027,6722.0,45230.0,34,green
41025,7229.0,37580.0,45,green
41001,16052.0,41098.0,1,green
49043,38521.0,91773.0,47,red
49033,2292.0,50781.0,40,orange
49031,1865.0,35980.0,24,green
53039,20820.0,48319.0,11,orange
53019,7652.0,38125.0,45,green
53021,86443.0,56980.0,22,orange
53051,12968.0,40599.0,1,green
53065,43548.0,41978.0,1,green
53075,46737.0,36631.0,24,green
6051,14146.0,56944.0,22,orange
16063,5260.0,43273.0,34,green
16051,26792.0,51171.0,40,orange
16085,9720.0,48384.0,11,orange
16015,6885.0,44238.0,34,green
4003,129647.0,45075.0,32,orange
4023,47073.0,40140.0,1,green
4009,37407.0,45964.0,11,orange
41017,166622.0,51223.0,41,orange
41031,22061.0,46366.0,11,orange
4007,53165.0,39751.0,45,green
4013,4018143.0,54229.0,13,purple
4012,20335.0,34466.0,24,green
4019,998537.0,46162.0,31,orange
4021,389772.0,49477.0,15,orange
4027,202987.0,40743.0,43,green
4015,203362.0,38488.0,43,green
4025,215996.0,44748.0,32,orange
4005,136701.0,50234.0,39,orange
4017,107656.0,35921.0,24,green
4001,72124.0,31757.0,8,green
6053,428441.0,58783.0,44,orange
6041,258349.0,93257.0,47,red
6023,135034.0,42197.0,32,green
6091,3021.0,42833.0,34,green
6073,3223096.0,64309.0,2,purple
6065,2298032.0,56603.0,9,purple
6025,178206.0,41079.0,43,green
6019,956749.0,45233.0,31,orange
6037,10038388.0,56196.0,3,purple
6111,840833.0,77348.0,19,red
6029,865736.0,49026.0,31,orange
6069,57557.0,71077.0,35,red
6047,263885.0,42462.0,43,green
6109,54079.0,50306.0,40,orange
6043,17789.0,47681.0,11,orange
6039,153187.0,45073.0,32,orange
6107,454033.0,42031.0,20,green
6057,98570.0,56521.0,22,orange
6003,1131.0,52917.0,4,orange
6011,21396.0,52168.0,4,orange
6063,18966.0,47333.0,11,orange
6077,708554.0,53274.0,6,orange
6101,95247.0,52017.0,41,orange
6035,32645.0,51555.0,4,orange
6093,43895.0,37170.0,24,green
6033,64158.0,35578.0,24,green
6105,13373.0,34974.0,24,green
6049,9184.0,37860.0,45,green
6085,1868149.0,96310.0,27,red
6001,1584983.0,75619.0,38,red
6055,140295.0,71379.0,35,red
6017,182093.0,69584.0,28,red
6061,366280.0,73948.0,5,red
6115,73437.0,46892.0,11,orange
6005,36995.0,54171.0,4,orange
6009,44767.0,53233.0,4,orange
6089,178942.0,44620.0,32,green
6021,28029.0,39349.0,45,green
6103,63152.0,41001.0,1,green
6007,222564.0,43444.0,32,green
6027,18373.0,45955.0,11,orange
16073,11364.0,33440.0,8,green
16011,45407.0,50155.0,40,orange
16049,16312.0,38191.0,45,green
16035,8560.0,38837.0,45,green
16069,39779.0,48160.0,11,orange
16009,9088.0,39863.0,45,green
16057,38339.0,42439.0,1,green
16055,145046.0,49403.0,39,orange
16059,7790.0,34329.0,24,green
16023,2653.0,37891.0,45,green
16019,107788.0,50762.0,39,orange
16077,7731.0,44779.0,34,green
16039,26175.0,43848.0,34,green
16025,1052.0,42614.0,1,green
16087,10025.0,34775.0,24,green
16045,16731.0,40828.0,1,green
16083,80004.0,44048.0,32,green
16031,23369.0,45695.0,34,orange
16005,83604.0,43779.0,32,green
16013,21309.0,60088.0,46,orange
16065,37916.0,32233.0,8,green
16041,12914.0,48133.0,11,orange
16003,3880.0,39565.0,45,green
35005,65811.0,40630.0,1,green
35025,68149.0,57533.0,22,orange
35047,28668.0,29237.0,48,green
35007,12997.0,32380.0,8,green
35033,4660.0,23822.0,17,green
35035,65318.0,39775.0,45,green
35017,29119.0,38311.0,45,green
35023,4643.0,34444.0,24,green
35013,213963.0,38853.0,43,green
35015,55641.0,56618.0,22,orange
32007,51562.0,71799.0,35,red
32033,9974.0,57122.0,22,orange
32003,2035572.0,51575.0,9,purple
32005,47259.0,58535.0,46,orange
32031,435019.0,52870.0,15,orange
32019,51657.0,47255.0,11,orange
32510,54482.0,47668.0,11,orange
32023,42625.0,41712.0,1,green
32017,5194.0,44866.0,34,green
32011,1669.0,60250.0,46,orange
32015,5946.0,78190.0,25,red
41045,30551.0,35418.0,24,green
41061,25745.0,43822.0,34,green
41069,1348.0,33487.0,8,green
41039,357060.0,44103.0,20,orange
41057,25430.0,42581.0,1,green
41007,37382.0,46408.0,11,orange
41009,49389.0,53179.0,4,orange
41067,556210.0,66754.0,33,red
41071,101119.0,53423.0,41,orange
41047,323259.0,48432.0,20,orange
41043,118971.0,45644.0,32,orange
41027,22749.0,55827.0,22,orange
41053,77264.0,52821.0,4,orange
41003,86495.0,49802.0,39,orange
41029,208363.0,44028.0,32,green
41033,83409.0,37665.0,45,green
41035,65972.0,40336.0,1,green
41013,20956.0,37106.0,24,green
41037,7842.0,32369.0,8,green
41049,11204.0,50918.0,40,orange
41023,7276.0,38046.0,45,green
41063,6857.0,40581.0,1,green
41059,76738.0,48101.0,39,orange
49037,15152.0,41484.0,1,green
49019,9388.0,41312.0,1,green
53023,2230.0,45855.0,11,orange
53059,11243.0,52374.0,4,orange
53013,3989.0,38581.0,45,green
53063,480832.0,50079.0,30,orange
53015,102338.0,47452.0,39,orange
53069,4035.0,44485.0,34,green
53047,41332.0,40730.0,1,green
53017,39599.0,53636.0,4,orange
53003,22040.0,44394.0,34,green
53037,42204.0,46458.0,11,orange
53043,10363.0,46069.0,11,orange
53025,92070.0,48714.0,39,orange
53007,74267.0,51837.0,4,orange
53001,19081.0,46564.0,11,orange
53071,59726.0,47946.0,11,orange
49053,148244.0,50774.0,41,orange
49021,47139.0,43855.0,34,green
49025,7202.0,50194.0,40,orange
49001,6461.0,50282.0,40,orange
49017,5069.0,42614.0,1,green
49055,2722.0,40645.0,1,green
49041,20871.0,46291.0,11,orange
49007,20927.0,46900.0,11,orange
49015,10728.0,49787.0,40,orange
49027,12582.0,51593.0,4,orange
49023,10400.0,54761.0,22,orange
49039,28261.0,50323.0,40,orange
49045,60893.0,63552.0,10,orange
49049,551957.0,62180.0,33,red
49057,238682.0,56581.0,23,orange
49011,323374.0,71112.0,5,red
49013,19817.0,61133.0,46,orange
49051,26661.0,66486.0,28,orange
49005,117449.0,50497.0,39,orange
49029,10276.0,74314.0,35,red
53011,444506.0,60756.0,44,orange
41051,768418.0,54102.0,6,orange
41005,389438.0,65965.0,33,red
41021,1883.0,44293.0,34,green
41055,1795.0,38362.0,45,green
41065,25492.0,43422.0,34,green
16037,4234.0,39457.0,45,green
4011,9023.0,51628.0,4,orange
6095,425753.0,66828.0,33,red
6013,1096068.0,80185.0,19,red
6087,269278.0,67256.0,5,red
6097,495078.0,64240.0,33,red
6045,87544.0,42980.0,32,green
41011,62775.0,38605.0,45,green
41041,46347.0,42101.0,1,green
53035,255441.0,62941.0,0,orange
6081,748731.0,93623.0,7,red
6075,840763.0,81294.0,19,red
53029,79329.0,58815.0,46,orange
53049,20645.0,37684.0,45,green
53077,247408.0,44749.0,20,orange
53067,262723.0,61677.0,0,orange
53041,75515.0,44100.0,34,green
53061,746653.0,70722.0,26,red
53073,207100.0,53145.0,41,orange
53045,60791.0,50406.0,40,orange
53027,71419.0,43538.0,34,green
53057,119343.0,54129.0,41,orange
53053,821952.0,59953.0,6,red
53033,2045756.0,75302.0,49,purple
53031,30083.0,49279.0,40,orange
6079,276517.0,60691.0,0,orange
6067,1465832.0,55987.0,21,red
53009,72397.0,47253.0,11,orange
6015,27788.0,40847.0,1,green
51530,69729.68468468469,56205.06306306306,22,orange
51590,69729.68468468469,56205.06306306306,22,orange
51678,69729.68468468469,56205.06306306306,22,orange
51720,69729.68468468469,56205.06306306306,22,orange
51775,69729.68468468469,56205.06306306306,22,orange
51770,69729.68468468469,56205.06306306306,22,orange
51690,69729.68468468469,56205.06306306306,22,orange
51640,69729.68468468469,56205.06306306306,22,orange
51680,69729.68468468469,56205.06306306306,22,orange
51580,69729.68468468469,56205.06306306306,22,orange
51520,69729.68468468469,56205.06306306306,22,orange
51750,69729.68468468469,56205.06306306306,22,orange
27017,35443.0,53227.0,4,orange
53005,184930.0,60251.0,23,orange
49009,776.0,56750.0,22,orange
53055,15956.0,55960.0,22,orange
49003,50991.0,55038.0,22,orange
49035,1078958.0,62117.0,14,red
6059,3116069.0,76509.0,2,purple
12103,931477.0,45819.0,31,orange
12129,31128.0,50340.0,40,orange
12065,14198.0,43355.0,34,green
12123,22685.0,36181.0,24,green
12029,16091.0,36292.0,24,green
12075,39821.0,35782.0,24,green
12075,39821.0,35782.0,24,green
12017,139654.0,38312.0,43,green
12017,139654.0,38312.0,43,green
12053,174809.0,40945.0,43,green
12101,479288.0,45064.0,30,orange
12081,343729.0,49675.0,15,orange
12081,343729.0,49675.0,15,orange
12057,1302884.0,50579.0,21,red
12057,1302884.0,50579.0,21,red
12037,11628.0,40401.0,1,green
12077,8295.0,39406.0,45,green
48321,36598.0,40797.0,1,green
45053,26549.0,37141.0,24,green
48241,35768.0,40820.0,1,green
28061,16588.0,31578.0,8,green
13159,13593.0,42368.0,1,green
29097,117184.0,41811.0,32,green
17079,9635.0,54209.0,4,orange
18073,33448.0,55374.0,22,orange
19099,36726.0,55033.0,22,orange
12129,31128.0,50340.0,40,orange
27007,45434.0,44757.0,34,green
28035,76267.0,36416.0,24,green
45013,171420.0,57048.0,23,orange
45013,171420.0,57048.0,23,orange
24021,241373.0,83700.0,12,red
24031,1017859.0,99435.0,18,red
24043,149270.0,56228.0,23,orange
51610,69729.68468468469,56205.06306306306,22,orange
51600,69729.68468468469,56205.06306306306,22,orange
51540,69729.68468468469,56205.06306306306,22,orange
51685,69729.68468468469,56205.06306306306,22,orange
51683,69729.68468468469,56205.06306306306,22,orange
51630,69729.68468468469,56205.06306306306,22,orange
51013,223945.0,105763.0,16,red
24025,248966.0,80465.0,25,red
24005,822959.0,67095.0,26,red
11001,647484.0,70848.0,37,red
24033,892816.0,74260.0,26,red
24005,822959.0,67095.0,26,red
24003,555280.0,89860.0,7,red
37091,24368.0,33008.0,8,green
37073,11724.0,49258.0,40,orange
37131,21011.0,30429.0,8,green
51175,18410.0,48962.0,40,orange
51041,328176.0,72609.0,5,red
51081,11760.0,38012.0,45,green
51087,318864.0,61934.0,0,orange
51075,21721.0,79330.0,25,red
51065,26014.0,63938.0,10,orange
51053,28110.0,51397.0,40,orange
51049,9859.0,39301.0,45,green
51033,29349.0,59227.0,46,orange
51025,16930.0,36919.0,24,green
51007,12777.0,56850.0,22,orange
51036,7118.0,49563.0,40,orange
51159,8989.0,47288.0,11,orange
51109,33986.0,57829.0,22,orange
51111,12558.0,39506.0,45,green
51117,31555.0,37356.0,45,green
51036,7118.0,49563.0,40,orange
51057,11151.0,42760.0,1,green
51159,8989.0,47288.0,11,orange
51057,11151.0,42760.0,1,green
37091,24368.0,33008.0,8,green
37015,20518.0,30027.0,48,green
51730,69729.68468468469,56205.06306306306,22,orange
51760,69729.68468468469,56205.06306306306,22,orange
51570,69729.68468468469,56205.06306306306,22,orange
51670,69729.68468468469,56205.06306306306,22,orange
24047,51519.0,56773.0,22,orange
24047,51519.0,56773.0,22,orange
37041,14656.0,38759.0,45,green
37139,40018.0,45378.0,34,orange
37015,20518.0,30027.0,48,green
37143,13498.0,44329.0,34,green
51095,70673.0,75710.0,25,red
51710,69729.68468468469,56205.06306306306,22,orange
37029,10161.0,58780.0,46,orange
51800,69729.68468468469,56205.06306306306,22,orange
51550,69729.68468468469,56205.06306306306,22,orange
51133,12304.0,51885.0,4,orange
51115,8880.0,63845.0,10,orange
51115,8880.0,63845.0,10,orange
51103,11129.0,50374.0,40,orange
51133,12304.0,51885.0,4,orange
51073,37001.0,61121.0,46,orange
51095,70673.0,75710.0,25,red
51650,69729.68468468469,56205.06306306306,22,orange
51800,69729.68468468469,56205.06306306306,22,orange
51810,69729.68468468469,56205.06306306306,22,orange
51119,10717.0,54654.0,22,orange
51119,10717.0,54654.0,22,orange
51073,37001.0,61121.0,46,orange
51181,6823.0,53673.0,4,orange
51093,35740.0,65741.0,28,orange
37053,24492.0,60600.0,46,orange
51103,11129.0,50374.0,40,orange
51181,6823.0,53673.0,4,orange
37053,24492.0,60600.0,46,orange
37029,10161.0,58780.0,46,orange
37139,40018.0,45378.0,34,orange
37143,13498.0,44329.0,34,green
37041,14656.0,38759.0,45,green
51735,69729.68468468469,56205.06306306306,22,orange
51199,66471.0,81749.0,25,red
51740,69729.68468468469,56205.06306306306,22,orange
51650,69729.68468468469,56205.06306306306,22,orange
51700,69729.68468468469,56205.06306306306,22,orange
51735,69729.68468468469,56205.06306306306,22,orange
24039,25980.0,35154.0,24,green
51097,7106.0,48292.0,11,orange
24019,32534.0,47093.0,11,orange
24045,101182.0,52278.0,41,orange
24019,32534.0,47093.0,11,orange
51193,17557.0,47911.0,11,orange
51193,17557.0,47911.0,11,orange
24045,101182.0,52278.0,41,orange
54027,23542.0,27995.0,48,green
51149,37380.0,61857.0,10,orange
51620,69729.68468468469,56205.06306306306,22,orange
51595,69729.68468468469,56205.06306306306,22,orange
51131,12184.0,35055.0,24,green
24039,25980.0,35154.0,24,green
34041,107226.0,70471.0,35,red
34007,511998.0,62185.0,33,red
34019,126250.0,105444.0,16,red
34021,370212.0,72804.0,5,red
34027,498192.0,100214.0,7,red
34035,330604.0,100667.0,16,red
34037,145930.0,86565.0,12,red
42011,413965.0,55936.0,44,orange
42017,626583.0,77568.0,37,red
42077,356756.0,56117.0,15,orange
42089,167881.0,57365.0,23,orange
42091,812970.0,80675.0,19,red
42101,1555072.0,38253.0,42,orange
42025,64634.0,49973.0,40,orange
42045,561683.0,65123.0,33,red
34015,290298.0,76727.0,5,red
42095,299616.0,60972.0,0,orange
42029,509797.0,85976.0,7,red
24011,32661.0,52465.0,4,orange
10003,549643.0,65476.0,33,red
24015,101960.0,66396.0,28,orange
24029,19923.0,58147.0,46,orange
10001,169509.0,54976.0,41,orange
34023,830300.0,79593.0,19,red
10005,207302.0,53751.0,41,orange
34005,450556.0,78621.0,37,red
24035,48600.0,85963.0,12,red
41019,107194.0,41312.0,1,green
48057,21666.0,51078.0,40,orange
48239,14486.0,54926.0,22,orange
51001,33115.0,39412.0,45,green
36029,921584.0,51247.0,6,orange
36061,1629507.0,72871.0,38,red
51199,66471.0,81749.0,25,red
48261,565.0,36438.0,24,green
48489,22002.0,26495.0,48,green
26033,38586.0,41993.0,1,green
41015,22338.0,40884.0,1,green
