fips,ir_wfrto,ir_recww,cluster_model2,color
23029,7.37,0.0,27,red
13191,0.16,0.0,27,red
13179,0.0,0.0,27,red
9003,4.09,0.0,38,red
9013,0.5,0.0,0,red
9015,0.56,0.0,27,red
25019,1.2,0.0,27,red
24023,0.0,0.0,27,red
50027,0.26,0.0,27,red
33019,0.11,0.0,27,red
33001,0.41,0.0,27,red
33005,0.21,0.0,27,red
33017,0.38,0.0,0,red
36123,0.38,0.0,27,red
36003,0.23,0.0,27,red
36007,0.45,0.0,0,red
36009,0.59,0.0,27,red
36015,0.14,0.0,27,red
36017,0.29,0.0,27,red
36023,0.19,0.0,27,red
36025,0.29,0.0,27,red
36037,2.92,0.0,27,red
36041,0.08,0.0,27,red
36049,0.15,0.0,27,red
36051,0.3,0.0,27,red
36053,0.82,0.0,0,red
36057,0.15,0.0,27,red
36067,1.6,0.0,38,red
36069,0.68,0.0,0,red
36071,2.02,0.0,0,red
36077,0.34,0.0,27,red
36079,0.26,0.0,27,red
36087,0.63,0.0,0,red
36095,0.29,0.0,27,red
36097,0.13,0.0,27,red
36099,0.24,0.0,27,red
36101,0.61,0.0,27,red
36105,0.52,0.0,0,red
36107,0.55,0.0,27,red
36109,0.25,0.0,27,red
36121,1.6,0.0,27,red
42001,0.95,0.0,0,red
42003,1.73,0.0,38,red
42005,0.29,0.0,27,red
42007,0.4,0.0,0,red
42009,0.19,0.0,27,red
42013,0.23,0.0,27,red
42015,0.09,0.0,27,red
42019,0.8,0.0,0,red
42021,0.32,0.0,0,red
42023,0.03,0.0,27,red
42031,0.12,0.0,27,red
42033,0.18,0.0,27,red
42037,0.36,0.0,27,red
42039,0.46,0.0,0,red
42041,0.86,0.0,0,red
42043,0.74,0.0,0,red
42047,0.12,0.0,27,red
42053,0.04,0.0,27,red
42055,1.25,0.0,0,red
42057,0.07,0.0,27,red
42059,0.08,0.0,27,red
42061,0.48,0.0,27,red
42063,0.21,0.0,27,red
42065,0.12,0.0,27,red
42067,0.08,0.0,27,red
42069,0.49,0.0,0,red
42071,2.71,0.0,0,red
42073,0.34,0.0,0,red
42075,0.79,0.0,27,red
42079,0.57,0.0,0,red
42083,0.13,0.0,27,red
42085,0.45,0.0,0,red
42087,0.08,0.0,27,red
42093,0.1,0.0,27,red
42099,0.1,0.0,27,red
42103,0.18,0.0,27,red
42105,0.04,0.0,27,red
42107,0.74,0.0,27,red
42109,0.36,0.0,27,red
42111,0.33,0.0,0,red
42113,0.04,0.0,27,red
42115,0.15,0.0,27,red
42117,0.15,0.0,27,red
42119,0.07,0.0,27,red
42121,0.11,0.0,27,red
42123,0.16,0.0,27,red
42125,0.81,0.0,0,red
42131,0.14,0.0,27,red
42133,0.9,0.0,0,red
44005,0.47,0.0,0,red
51141,0.13,0.0,27,red
51143,1.25,0.0,27,red
51155,0.1,0.0,27,red
51161,0.69,0.0,0,red
51163,0.08,0.0,27,red
51167,0.03,0.0,27,red
51169,0.04,0.0,27,red
51173,0.05,0.0,27,red
51185,0.09,0.0,27,red
51191,0.5,0.0,0,red
51195,0.08,0.0,27,red
51197,0.08,0.0,27,red
51005,0.11,0.0,27,red
51035,0.48,0.0,27,red
51031,0.16,0.0,27,red
51089,0.11,0.0,27,red
51121,0.38,0.0,27,red
51083,0.78,0.0,27,red
51077,0.08,0.0,27,red
51071,0.09,0.0,27,red
51067,0.55,0.0,0,red
51063,0.07,0.0,27,red
51051,0.03,0.0,27,red
51045,0.0,0.0,27,red
51037,0.24,0.0,27,red
51029,0.0,0.0,27,red
51027,0.0,0.0,27,red
51023,0.05,0.0,27,red
51021,0.06,0.0,27,red
51019,0.18,0.0,27,red
51017,0.17,0.0,27,red
51011,0.11,0.0,27,red
51009,0.09,0.0,27,red
51105,0.08,0.0,27,red
50015,0.13,0.0,27,red
50017,0.11,0.0,27,red
50003,0.38,0.0,27,red
50019,0.17,0.0,27,red
50023,0.18,0.0,27,red
50013,0.1,0.0,27,red
54081,0.31,0.0,0,red
54079,0.11,0.0,27,red
54077,0.09,0.0,27,red
54075,0.07,0.0,27,red
54073,0.02,0.0,27,red
54069,0.19,0.0,27,red
54067,0.04,0.0,27,red
54063,0.04,0.0,27,red
54061,0.34,0.0,0,red
54059,0.07,0.0,27,red
54055,0.04,0.0,27,red
54053,0.08,0.0,27,red
54051,0.04,0.0,27,red
54049,0.08,0.0,27,red
54047,0.01,0.0,27,red
54045,0.04,0.0,27,red
54043,0.0,0.0,27,red
54039,0.22,0.0,27,red
54035,0.04,0.0,27,red
54029,0.14,0.0,27,red
54025,0.27,0.0,0,red
54083,0.02,0.0,27,red
54021,0.02,0.0,27,red
54019,0.08,0.0,27,red
54015,0.0,0.0,27,red
54013,0.0,0.0,27,red
54011,0.15,0.0,27,red
54009,0.06,0.0,27,red
54007,0.0,0.0,27,red
54005,0.04,0.0,27,red
54103,0.0,0.0,27,red
54105,0.04,0.0,27,red
54107,0.27,0.0,0,red
54109,0.08,0.0,27,red
54001,0.02,0.0,27,red
54091,0.04,0.0,27,red
54101,0.0,0.0,27,red
54099,0.04,0.0,27,red
54097,0.06,0.0,27,red
54095,0.02,0.0,27,red
54093,0.07,0.0,27,red
54089,0.08,0.0,27,red
54087,0.02,0.0,27,red
54085,0.02,0.0,27,red
42097,0.54,0.0,27,red
23001,0.57,0.0,27,red
34017,0.02,0.0,27,red
36085,0.18,0.0,27,red
34013,0.75,0.0,27,red
36085,0.18,0.0,27,red
34017,0.02,0.0,27,red
34003,0.85,0.0,27,red
36119,2.64,0.0,22,red
36005,0.02,0.0,27,red
36061,0.0,0.0,27,red
36005,0.02,0.0,27,red
44001,0.11,0.0,27,red
25007,1.07,0.0,27,red
36063,1.83,0.0,0,red
36117,1.46,0.0,0,red
36075,0.66,0.0,0,red
36073,2.31,0.0,27,red
36055,1.3,0.0,38,red
23013,0.35,0.0,27,red
23023,0.18,0.0,27,red
23015,0.12,0.0,27,red
33013,0.79,0.0,0,red
34039,0.54,0.0,27,red
42051,0.23,0.0,27,red
42129,1.37,0.0,38,red
25017,3.42,0.0,38,red
9009,1.47,0.0,38,red
9005,0.72,0.0,0,red
25027,2.19,0.0,38,red
25003,0.38,0.0,27,red
25011,0.8,0.0,27,red
25015,0.56,0.0,0,red
25021,1.73,0.0,38,red
23021,0.13,0.0,27,red
23025,0.14,0.0,27,red
23003,4.03,0.0,27,red
23017,0.37,0.0,27,red
23019,1.44,0.0,0,red
33003,0.39,0.0,0,red
33011,1.41,0.0,38,red
34031,0.32,0.0,27,red
36119,2.64,0.0,22,red
36115,0.41,0.0,27,red
36113,0.25,0.0,27,red
36035,0.19,0.0,27,red
36031,0.27,0.0,27,red
36019,0.2,0.0,27,red
36033,0.38,0.0,27,red
36011,0.37,0.0,27,red
36065,0.74,0.0,0,red
36043,0.21,0.0,27,red
36093,0.42,0.0,0,red
36001,0.75,0.0,0,red
36039,0.56,0.0,0,red
36111,2.34,0.0,0,red
36027,1.01,0.0,0,red
36021,1.05,0.0,27,red
36083,0.55,0.0,0,red
36091,0.64,0.0,0,red
36089,0.49,0.0,27,red
42027,0.65,0.0,27,red
42081,0.3,0.0,27,red
42127,0.19,0.0,27,red
42049,0.96,0.0,0,red
42035,0.35,0.0,27,red
44007,0.77,0.0,0,red
44009,2.45,0.0,0,red
50007,0.45,0.0,0,red
50001,0.19,0.0,27,red
50021,0.4,0.0,0,red
50025,0.4,0.0,27,red
50011,0.26,0.0,27,red
25009,1.37,0.0,38,red
25023,104.27,0.0,11,red
25013,0.95,0.0,0,red
44003,0.45,0.0,0,red
33015,0.95,0.0,0,red
34039,0.54,0.0,27,red
23031,1.14,0.0,0,red
23005,1.05,0.0,0,red
23007,0.14,0.0,27,red
34003,0.85,0.0,27,red
9011,1.17,0.0,0,red
25025,0.13,0.0,27,red
23027,0.23,0.0,27,red
23009,1.16,0.0,27,red
36059,2.83,0.0,22,red
34013,0.75,0.0,27,red
25001,10.43,0.0,38,red
23011,0.47,0.0,0,red
9007,0.79,0.0,0,red
9001,2.01,0.0,38,red
33007,0.17,0.0,27,red
50005,0.08,0.0,27,red
21151,0.1,0.0,27,red
21153,0.05,0.0,27,red
21155,0.14,0.0,27,red
21157,0.12,0.0,27,red
21159,0.0,0.0,27,red
21161,0.01,0.0,27,red
21163,0.04,0.0,27,red
21165,0.11,0.0,27,red
21167,0.02,0.0,27,red
21169,0.05,0.0,27,red
21171,0.04,0.0,27,red
21173,0.0,0.0,27,red
21175,0.02,0.0,27,red
21177,0.11,0.0,27,red
21179,0.32,0.0,27,red
21181,0.06,0.0,27,red
21183,0.25,0.0,27,red
21185,0.11,0.0,27,red
21187,0.28,0.0,27,red
21189,0.02,0.0,27,red
21191,0.45,0.0,27,red
21193,0.05,0.0,27,red
21195,0.0,0.0,27,red
21197,0.01,0.0,27,red
21199,0.46,0.0,0,red
21201,0.02,0.0,27,red
21203,0.01,0.0,27,red
21205,0.04,0.0,27,red
21207,0.01,0.0,27,red
21209,0.37,0.0,27,red
21211,0.71,0.0,27,red
21213,0.08,0.0,27,red
21215,0.16,0.0,27,red
21217,0.04,0.0,27,red
21219,0.67,0.0,27,red
21221,0.71,0.0,27,red
21223,0.04,0.0,27,red
21225,1.19,0.0,27,red
21227,0.67,0.0,0,red
21229,0.15,0.0,27,red
21231,0.06,0.0,27,red
21233,0.17,0.0,27,red
21235,0.01,0.0,27,red
21237,0.02,0.0,27,red
21239,0.15,0.0,27,red
21129,0.01,0.0,27,red
21075,1.09,0.0,27,red
21001,0.03,0.0,27,red
21003,0.34,0.0,27,red
21005,0.1,0.0,27,red
21007,0.19,0.0,27,red
21009,0.24,0.0,27,red
21011,0.02,0.0,27,red
21013,0.01,0.0,27,red
21015,0.31,0.0,27,red
21017,0.57,0.0,0,red
21019,0.01,0.0,27,red
21021,0.24,0.0,27,red
21023,0.09,0.0,27,red
21025,0.01,0.0,27,red
21027,0.02,0.0,27,red
21029,0.79,0.0,27,red
21031,0.07,0.0,27,red
21033,0.85,0.0,27,red
21035,1.72,0.0,27,red
21037,0.15,0.0,27,red
21039,0.27,0.0,27,red
21041,0.03,0.0,27,red
21043,0.02,0.0,27,red
21045,0.04,0.0,27,red
21047,1.62,0.0,27,red
21049,0.1,0.0,27,red
21051,0.08,0.0,27,red
21107,0.09,0.0,27,red
21055,0.5,0.0,27,red
21057,0.17,0.0,27,red
21059,4.39,0.0,27,red
21061,0.01,0.0,27,red
21063,0.04,0.0,27,red
21065,0.0,0.0,27,red
21067,1.36,0.0,0,red
21069,0.07,0.0,27,red
21071,0.0,0.0,27,red
21073,0.25,0.0,27,red
21077,0.02,0.0,27,red
21079,0.09,0.0,27,red
21081,0.02,0.0,27,red
21083,2.0,0.0,27,red
21085,0.03,0.0,27,red
21087,0.03,0.0,27,red
21089,0.16,0.0,27,red
21091,0.25,0.0,27,red
21093,0.33,0.0,27,red
21095,0.05,0.0,27,red
21097,0.89,0.0,27,red
21105,2.73,0.0,27,red
21103,0.35,0.0,27,red
21101,2.67,0.0,27,red
21099,0.08,0.0,27,red
21125,0.03,0.0,27,red
21053,0.15,0.0,27,red
26143,0.26,0.0,27,red
26145,1.78,0.0,27,red
26149,49.03,0.0,43,red
26155,0.22,0.0,27,red
26161,2.82,0.0,0,red
28005,0.07,0.0,27,red
28007,0.35,0.0,27,red
28009,0.85,0.0,27,red
28001,0.04,0.0,27,red
28161,1.18,0.0,27,red
28159,0.05,0.0,27,red
28157,0.45,0.0,27,red
28155,0.63,0.0,27,red
28153,0.5,0.0,27,red
28151,241.38,0.0,49,red
28149,4.57,0.0,27,red
28147,0.06,0.0,27,red
28145,0.06,0.0,27,red
28143,95.93,0.0,21,red
28141,0.64,0.0,27,red
28139,0.23,0.0,27,red
28137,5.52,0.0,27,red
28135,97.03,0.0,21,red
28133,255.23,0.0,49,red
28131,0.11,0.0,27,red
28129,0.12,0.0,27,red
28127,1.08,0.0,27,red
28125,68.85,0.0,43,red
28123,0.06,0.0,27,red
28121,0.04,0.0,27,red
28119,79.15,0.0,43,red
28117,0.01,0.0,27,red
28115,1.78,0.0,27,red
28111,0.43,0.0,27,red
28107,18.13,0.0,27,red
28105,0.28,0.0,27,red
28103,16.06,0.0,27,red
28101,0.59,0.0,27,red
28099,0.02,0.0,27,red
28097,0.63,0.0,27,red
28095,0.47,0.0,27,red
28093,3.24,0.0,27,red
28091,0.16,0.0,27,red
19045,0.03,0.0,27,red
19047,0.06,0.0,27,red
19049,0.19,0.0,27,red
19051,0.0,0.0,27,red
19053,0.0,0.0,27,red
19197,0.0,0.0,27,red
19191,0.14,0.0,27,red
19193,0.33,0.0,27,red
19195,0.12,0.0,27,red
19105,0.03,0.0,27,red
19187,0.04,0.0,27,red
19189,0.05,0.0,27,red
17077,0.33,0.0,27,red
17081,0.12,0.0,27,red
17083,0.12,0.0,27,red
17085,0.56,0.0,0,red
17087,0.12,0.0,27,red
17089,1.34,0.48,38,red
17091,5.93,0.0,0,red
17093,0.24,0.17,27,red
17075,0.85,0.0,27,red
17099,1.96,0.0,0,red
17101,12.24,0.0,27,red
17073,2.93,0.0,0,red
17105,0.12,0.0,27,red
17107,0.5,0.0,27,red
17109,0.14,0.0,27,red
17111,3.27,0.77,15,red
17113,0.54,0.0,0,red
17115,0.29,0.0,0,red
17117,0.14,0.0,27,red
17119,0.74,0.0,0,red
17121,0.15,0.0,27,red
17123,0.23,0.0,27,red
17125,66.99,0.0,43,red
17127,3.1,0.0,27,red
46069,0.1,0.0,27,red
46067,2.0,0.0,27,red
46065,17.2,0.0,27,red
46063,0.71,0.0,27,red
46061,0.38,0.0,27,red
46059,0.36,0.0,27,red
46057,4.29,0.0,27,red
46055,0.14,0.0,27,red
46053,0.73,0.0,27,red
46051,3.36,0.0,27,red
46049,0.11,0.0,27,red
46045,0.34,0.0,27,red
46043,1.55,0.0,27,red
46041,0.23,0.0,27,red
46039,0.59,0.0,27,red
46037,0.57,0.0,27,red
46035,0.51,0.0,27,red
46031,0.27,0.0,27,red
46029,3.97,0.0,27,red
46027,8.85,0.0,27,red
46025,2.46,0.0,27,red
46023,6.93,0.0,27,red
46021,5.19,0.0,27,red
46017,8.37,0.0,27,red
46015,2.38,0.0,27,red
46013,2.77,0.0,27,red
46011,6.65,0.0,27,red
46009,6.8,0.0,27,red
46007,8.6,0.0,27,red
46005,8.39,0.0,27,red
46003,0.02,0.0,27,red
46095,0.75,0.0,27,red
46019,4.54,0.0,27,red
46075,0.0,0.0,27,red
46125,15.6,0.0,27,red
46127,6.14,0.0,27,red
8009,125.24,0.0,11,red
8011,167.81,0.0,31,red
8017,29.35,0.0,43,red
8025,11.87,0.0,27,red
8063,110.88,0.0,11,red
8075,143.12,0.0,11,red
8087,122.61,0.0,11,red
8089,349.07,0.0,8,orange
8095,73.62,0.0,11,red
8099,110.39,0.11,11,red
8111,0.0,0.0,27,red
8115,73.59,0.0,11,red
8121,46.18,0.0,43,red
8125,323.08,0.0,8,orange
20067,95.09,0.01,11,red
20201,4.2,0.0,27,red
20203,36.54,0.0,43,red
20205,0.52,0.0,27,red
20207,0.06,0.0,27,red
20197,1.55,0.0,27,red
20199,35.79,0.0,43,red
30001,832.32,0.0,13,orange
30005,343.05,0.0,5,red
30007,197.95,0.0,49,red
30011,34.75,0.0,43,red
30013,170.92,0.0,21,red
30015,90.29,0.0,21,red
30017,131.57,0.0,21,red
30019,6.24,0.0,27,red
30021,78.99,0.0,43,red
30023,68.91,0.0,43,red
30025,0.5,0.0,27,red
30027,122.96,0.0,21,red
30033,10.9,0.0,27,red
30041,48.62,0.0,43,red
50009,0.0,0.0,27,red
36013,0.86,0.0,0,red
36103,9.07,0.0,22,red
25005,10.08,0.0,38,red
36081,0.23,0.0,27,red
36081,0.23,0.0,27,red
36047,0.05,0.0,27,red
36045,0.54,0.0,0,red
33009,0.38,0.0,0,red
54041,0.07,0.0,27,red
54033,0.22,0.0,27,red
54017,0.0,0.0,27,red
13317,0.06,0.0,27,red
13315,8.45,0.0,27,red
13313,0.13,0.0,27,red
13311,0.0,0.0,27,red
13309,1.99,0.0,27,red
13307,4.37,0.0,27,red
13305,2.25,0.0,27,red
13303,1.24,0.0,27,red
13301,0.0,0.0,27,red
13299,1.37,0.0,27,red
13295,0.0,0.0,27,red
13291,0.19,0.0,27,red
13289,1.26,0.0,27,red
13287,11.48,0.0,27,red
13285,0.08,0.0,27,red
13283,1.73,0.0,27,red
13281,0.09,0.0,27,red
13279,8.43,0.0,27,red
13277,12.44,0.0,0,red
13275,3.69,0.0,27,red
13273,14.89,0.0,27,red
13271,2.38,0.0,27,red
13267,6.96,0.0,27,red
13265,0.0,0.0,27,red
13263,0.0,0.0,27,red
13261,20.57,0.0,43,red
13259,0.71,0.0,27,red
13257,0.31,0.0,0,red
13255,0.28,0.0,27,red
13251,13.01,0.0,27,red
13249,0.15,0.0,27,red
13247,0.58,0.0,0,red
13245,0.59,0.0,0,red
13243,17.81,0.0,27,red
13241,0.26,0.0,27,red
13237,0.35,0.0,27,red
13235,10.34,0.0,27,red
13233,0.16,0.0,27,red
13231,1.15,0.0,27,red
13229,3.78,0.0,27,red
13227,0.09,0.0,27,red
13225,4.27,0.0,27,red
13223,0.59,0.0,0,red
13221,0.27,0.0,27,red
13219,3.44,0.0,27,red
13217,0.53,0.0,0,red
13215,0.41,0.0,0,red
13091,6.8,0.0,27,red
13093,13.79,0.0,27,red
13095,14.54,0.0,38,red
13097,0.38,0.0,0,red
13099,21.56,0.0,43,red
13101,1.5,0.0,27,red
13105,0.88,0.0,27,red
13107,2.07,0.0,27,red
13111,0.02,0.0,27,red
13113,0.66,0.0,0,red
13115,1.59,0.0,0,red
13117,0.44,0.0,27,red
13119,0.97,0.0,27,red
13123,0.21,0.0,27,red
13125,0.0,0.0,27,red
13129,1.17,0.0,27,red
13131,5.53,0.0,27,red
13133,1.14,0.0,0,red
13135,1.34,0.0,38,red
13137,0.22,0.0,27,red
13139,0.68,0.0,0,red
13141,0.56,0.0,27,red
13143,0.14,0.0,27,red
13145,0.03,0.0,27,red
13147,0.92,0.0,27,red
13149,0.0,0.0,27,red
13151,1.55,0.0,38,red
13153,6.03,0.0,0,red
13155,15.78,0.0,27,red
13157,0.29,0.0,27,red
13063,0.1,0.0,27,red
13163,15.87,0.0,27,red
18163,0.32,0.0,27,red
18161,0.06,0.0,27,red
18159,0.0,0.0,27,red
18157,0.75,0.0,27,red
18155,0.0,0.0,27,red
18153,2.98,0.0,27,red
18151,0.85,0.0,27,red
18149,4.52,0.0,27,red
18147,0.63,0.0,27,red
18145,0.86,0.0,27,red
18143,0.0,0.0,27,red
18141,7.83,0.0,0,red
18139,0.05,0.0,27,red
18175,0.0,0.0,27,red
18135,0.01,0.0,27,red
18133,0.0,0.0,27,red
18131,4.51,0.0,27,red
18129,1.27,0.0,27,red
18127,1.47,0.0,27,red
18125,0.04,0.0,27,red
18123,0.0,0.0,27,red
18121,0.62,0.0,27,red
18119,0.0,0.0,27,red
18117,0.08,0.0,27,red
18115,0.24,0.0,27,red
18113,2.87,0.0,27,red
18111,0.84,0.0,27,red
18109,0.03,0.0,27,red
18107,0.18,0.0,27,red
18105,0.09,0.0,27,red
18103,0.23,0.0,27,red
18101,0.04,0.0,27,red
19163,0.25,0.0,27,red
19161,0.17,0.0,27,red
19159,0.03,0.0,27,red
19157,0.0,0.0,27,red
19155,0.32,0.0,27,red
19153,0.49,0.0,0,red
19151,0.02,0.0,27,red
19149,0.52,0.0,27,red
19147,1.25,0.0,27,red
19145,0.01,0.0,27,red
19143,0.67,0.0,27,red
19141,0.11,0.0,27,red
19139,2.86,0.0,27,red
19137,0.01,0.0,27,red
19135,0.0,0.0,27,red
19133,7.66,0.0,27,red
19131,0.23,0.0,27,red
19129,0.4,0.0,27,red
19127,0.02,0.0,27,red
19125,0.0,0.0,27,red
19123,0.02,0.0,27,red
19121,0.16,0.0,27,red
19119,0.83,0.0,27,red
19117,0.0,0.0,27,red
19115,3.55,0.0,27,red
19113,0.48,0.0,0,red
19111,0.54,0.0,27,red
19109,0.25,0.0,27,red
19107,0.0,0.0,27,red
19103,0.38,0.0,0,red
19101,0.0,0.0,27,red
19097,0.03,0.0,27,red
51137,0.31,0.0,27,red
51157,0.07,0.0,27,red
51165,1.82,0.0,27,red
51171,0.46,0.0,27,red
51187,0.14,0.0,27,red
51003,0.93,0.0,0,red
51177,0.22,0.0,27,red
51015,1.18,0.0,27,red
51069,0.18,0.0,27,red
51079,0.04,0.0,27,red
51047,0.3,0.0,27,red
51043,0.13,0.0,27,red
51113,0.04,0.0,27,red
51139,0.32,0.0,27,red
54065,0.08,0.0,27,red
54037,0.16,0.0,27,red
54031,0.04,0.0,27,red
54003,0.13,0.0,27,red
24013,0.21,0.0,27,red
24027,0.44,0.0,0,red
51107,0.95,0.0,0,red
51091,0.03,0.0,27,red
54071,0.04,0.0,27,red
51061,0.28,0.0,27,red
24001,0.08,0.0,27,red
54057,0.04,0.0,27,red
54023,0.0,0.0,27,red
51660,0.07,0.0,27,red
51820,0.05,0.0,27,red
51840,0.0,0.0,27,red
51790,0.11,0.0,27,red
13213,0.19,0.0,27,red
13211,1.5,0.0,0,red
13209,1.01,0.0,27,red
13207,0.43,0.0,0,red
13205,52.04,0.0,43,red
13201,35.22,0.0,43,red
13199,0.18,0.0,27,red
13197,0.85,0.0,27,red
13195,0.19,0.0,27,red
13189,0.43,0.0,27,red
13187,0.21,0.0,27,red
13185,2.03,0.0,0,red
13181,0.0,0.0,27,red
13175,3.89,0.0,27,red
13173,1.38,0.0,27,red
13171,1.1,0.0,27,red
13169,0.16,0.0,27,red
13167,0.98,0.0,27,red
13165,6.85,0.0,27,red
13319,0.04,0.0,27,red
13161,2.33,0.0,27,red
13293,0.4,0.0,27,red
13193,11.98,0.0,27,red
13109,2.73,0.0,27,red
13177,27.26,0.0,43,red
13269,0.29,0.0,27,red
13027,9.64,0.0,27,red
13001,4.19,0.0,27,red
13003,1.7,0.0,27,red
13005,4.07,0.0,27,red
13007,23.55,0.0,43,red
13009,0.05,0.0,27,red
13011,0.13,0.0,27,red
13013,0.51,0.0,0,red
13015,2.05,0.0,27,red
13017,3.27,0.0,27,red
13019,5.44,0.0,27,red
13021,1.08,0.0,27,red
13023,6.04,0.0,0,red
13025,0.04,0.0,27,red
13031,4.93,0.0,27,red
13033,17.9,0.0,27,red
13035,0.25,0.0,27,red
13037,16.79,0.0,27,red
13043,2.03,0.0,27,red
13045,0.3,0.0,0,red
13047,0.7,0.0,0,red
13053,0.0,0.0,27,red
13055,0.0,0.0,27,red
13057,2.19,0.0,38,red
13059,1.42,0.0,0,red
13321,23.49,0.0,43,red
13065,0.43,0.0,27,red
13067,1.37,0.0,38,red
13069,8.98,0.0,0,red
13071,20.22,0.0,43,red
13073,0.71,0.0,0,red
13075,7.9,0.0,27,red
13077,1.35,0.0,38,red
13079,1.26,0.0,27,red
13081,14.59,0.0,27,red
13083,0.0,0.0,27,red
13085,0.13,0.0,27,red
13089,1.48,0.0,38,red
26001,0.12,0.0,27,red
26165,1.97,0.0,0,red
26069,0.32,0.0,0,red
26015,3.63,0.0,27,red
26023,19.01,0.0,27,red
26025,6.32,0.0,27,red
26027,30.69,0.0,43,red
26035,0.23,0.0,27,red
26037,2.06,0.0,27,red
26039,0.4,0.0,0,red
26043,0.16,0.0,27,red
26045,0.24,0.0,27,red
26049,0.34,0.0,0,red
26051,0.0,0.0,27,red
26057,6.84,0.0,27,red
26059,3.66,0.0,27,red
26065,0.62,0.0,27,red
26067,1.77,0.0,27,red
26071,0.09,0.0,27,red
26073,8.23,0.0,0,red
26075,5.49,0.0,0,red
26077,15.65,0.0,0,red
26079,4.76,0.0,27,red
26081,6.23,0.0,38,red
26085,0.0,0.0,27,red
26087,0.32,0.0,27,red
26091,1.21,0.0,0,red
26093,1.16,0.0,38,red
26101,1.52,0.0,0,red
26107,10.88,0.0,0,red
26111,0.22,0.0,27,red
26113,4.5,0.0,27,red
26117,36.13,0.0,43,red
26119,0.17,0.0,27,red
26123,4.41,0.0,27,red
26125,3.94,0.0,22,red
26129,0.22,0.0,27,red
26133,0.68,0.0,27,red
26135,0.21,0.0,27,red
26137,1.94,0.0,0,red
37093,1.06,0.0,0,red
37001,3.32,0.0,38,red
37003,2.05,0.0,0,red
37005,1.87,0.0,0,red
37007,2.8,0.0,27,red
37009,3.06,0.0,27,red
37011,5.1,0.0,38,red
37021,1.93,0.0,38,red
37025,1.96,0.0,0,red
37033,1.57,0.0,27,red
37035,3.35,0.0,38,red
37037,2.37,0.0,38,red
37039,0.33,0.0,27,red
37043,0.36,0.0,27,red
37045,1.43,0.0,38,red
37051,5.84,0.0,38,red
37057,2.91,0.0,0,red
37059,1.18,0.0,0,red
37063,2.17,0.0,38,red
37065,4.34,0.0,0,red
37067,4.0,0.0,22,red
37069,2.47,0.0,0,red
37071,1.51,0.0,38,red
37075,0.12,0.0,27,red
37077,1.17,0.0,27,red
37079,4.98,0.0,27,red
37081,7.92,0.0,22,red
37083,3.31,0.0,0,red
37087,1.24,0.0,0,red
37089,4.85,0.0,38,red
37097,5.7,0.0,38,red
37105,1.96,0.0,0,red
37109,1.53,0.0,0,red
37113,0.85,0.0,0,red
37115,1.06,0.0,27,red
37119,6.6,0.0,48,red
37121,0.73,0.0,27,red
37123,3.8,0.0,0,red
37125,9.02,0.0,48,red
37197,0.6,0.0,0,red
37135,2.29,0.0,0,red
37145,1.28,0.0,27,red
37147,5.08,0.0,38,red
37151,3.81,0.0,38,red
37153,1.03,0.0,27,red
37155,6.92,0.0,0,red
37157,3.05,0.0,38,red
37165,2.78,0.0,0,red
37167,1.39,0.0,0,red
37169,1.16,0.0,0,red
37171,4.61,0.0,38,red
37173,0.2,0.0,27,red
37175,4.52,0.0,0,red
37179,3.12,0.0,38,red
37181,1.68,0.0,0,red
37183,9.28,0.0,48,red
37185,0.89,0.0,27,red
37189,0.73,0.0,0,red
37193,0.67,0.0,0,red
37195,4.63,0.0,0,red
37199,1.37,0.0,27,red
37127,4.24,0.0,0,red
37159,4.1,0.0,38,red
39001,0.01,0.0,27,red
39003,0.34,0.0,0,red
39005,0.06,0.0,27,red
39009,0.02,0.0,27,red
39011,0.09,0.0,27,red
39013,0.02,0.0,27,red
39015,0.01,0.0,27,red
39017,0.3,0.0,27,red
39019,0.04,0.0,27,red
39021,1.15,0.0,27,red
39023,4.73,0.0,0,red
39175,0.01,0.0,27,red
39027,0.09,0.0,27,red
39029,0.25,0.0,27,red
39031,0.36,0.0,27,red
39033,0.06,0.0,27,red
39037,0.12,0.0,27,red
39039,0.14,0.0,27,red
39041,1.17,0.0,0,red
39045,0.37,0.0,0,red
39047,0.04,0.0,27,red
39049,1.6,0.0,38,red
39051,0.07,0.0,27,red
39053,0.0,0.0,27,red
39057,1.98,0.0,27,red
39059,0.02,0.0,27,red
39061,0.28,0.0,27,red
39063,0.15,0.0,27,red
39065,0.0,0.0,27,red
39067,0.0,0.0,27,red
39069,0.03,0.0,27,red
39073,0.0,0.0,27,red
39075,0.0,0.0,27,red
39077,0.95,0.0,27,red
39079,0.0,0.0,27,red
39081,0.08,0.0,27,red
39083,0.53,0.0,27,red
39087,0.0,0.0,27,red
39089,0.3,0.0,0,red
39091,0.0,0.0,27,red
39093,6.37,0.0,0,red
39097,0.02,0.0,27,red
39099,0.22,0.0,27,red
39101,0.2,0.0,27,red
39103,0.73,0.0,0,red
39105,0.0,0.0,27,red
39107,0.08,0.0,27,red
39109,1.03,0.0,0,red
39111,0.04,0.0,27,red
39113,2.23,0.0,0,red
39115,0.0,0.0,27,red
39117,0.04,0.0,27,red
39119,0.19,0.0,27,red
39121,0.0,0.0,27,red
39125,0.0,0.0,27,red
39127,0.0,0.0,27,red
39129,1.85,0.0,27,red
39131,0.05,0.0,27,red
39133,0.38,0.0,0,red
39135,0.03,0.0,27,red
39137,0.12,0.0,27,red
39139,0.06,0.0,27,red
39141,0.45,0.0,27,red
39145,0.16,0.0,27,red
39147,0.1,0.0,27,red
39149,2.03,0.0,27,red
39151,1.07,0.0,0,red
39153,0.73,0.0,0,red
39155,0.25,0.0,27,red
39157,0.36,0.0,0,red
39159,0.19,0.0,27,red
39161,0.1,0.0,27,red
39163,0.0,0.0,27,red
39165,0.48,0.0,27,red
39167,0.0,0.0,27,red
39169,0.19,0.0,27,red
39171,0.56,0.0,27,red
39173,0.31,0.0,27,red
39025,0.17,0.0,27,red
39071,0.0,0.0,27,red
45001,0.0,0.0,27,red
45005,7.1,0.0,27,red
45007,0.04,0.0,27,red
45009,4.49,0.0,27,red
45021,0.0,0.0,27,red
45023,0.08,0.0,27,red
45025,1.6,0.0,27,red
45031,3.16,0.0,27,red
45037,5.25,0.0,27,red
45039,0.0,0.0,27,red
45047,0.01,0.0,27,red
45055,0.29,0.0,27,red
45057,0.09,0.0,27,red
45059,0.04,0.0,27,red
45061,3.68,0.0,27,red
45063,7.86,0.0,0,red
45065,0.23,0.0,27,red
45069,1.64,0.0,27,red
45071,0.64,0.0,27,red
45079,0.72,0.0,0,red
45081,5.76,0.0,27,red
45083,0.45,0.0,0,red
45091,0.41,0.0,0,red
45087,0.0,0.0,27,red
45003,4.89,0.0,0,red
37101,4.15,0.0,38,red
37107,3.41,0.0,0,red
37191,5.36,0.0,0,red
37085,8.86,0.0,38,red
37163,12.77,0.0,0,red
37047,2.8,0.0,0,red
45033,0.89,0.0,27,red
45067,0.77,0.0,27,red
45017,11.15,0.0,27,red
45041,0.9,0.0,27,red
45085,11.14,0.0,27,red
45027,3.26,0.0,27,red
45035,0.23,0.0,27,red
13103,1.08,0.0,27,red
45075,19.87,0.0,0,red
45089,0.58,0.0,27,red
37055,0.86,0.0,0,red
37137,2.82,0.0,0,red
37017,7.3,0.0,27,red
13087,56.17,0.0,43,red
13087,56.17,0.0,43,red
45049,5.93,0.0,27,red
45019,1.06,0.0,38,red
45019,1.06,0.0,38,red
13253,44.26,0.0,43,red
13253,44.26,0.0,43,red
39095,0.55,0.0,0,red
39123,0.02,0.0,27,red
39055,0.48,0.0,27,red
13049,0.0,0.0,27,red
37103,2.45,0.0,27,red
39085,10.15,0.0,0,red
39143,0.12,0.0,27,red
37061,7.86,0.0,0,red
13239,0.05,0.0,27,red
13061,3.83,0.0,27,red
13179,0.0,0.0,27,red
13121,2.51,0.0,22,red
37111,5.71,0.0,0,red
37149,1.48,0.0,0,red
37161,1.06,0.0,0,red
37099,1.7,0.0,38,red
37027,7.39,0.0,0,red
37023,9.45,0.0,0,red
39007,0.06,0.0,27,red
45045,0.87,0.0,0,red
45073,0.42,0.0,0,red
45077,0.3,0.0,0,red
13039,0.39,0.0,0,red
45015,0.05,0.0,27,red
45051,3.24,0.0,22,red
13029,0.17,0.0,27,red
45029,6.17,0.0,27,red
13051,0.71,0.0,0,red
13051,0.71,0.0,0,red
13183,0.05,0.0,27,red
39035,0.46,0.0,0,red
39043,6.95,0.0,22,red
13127,2.24,0.0,38,red
13191,0.16,0.0,27,red
28027,123.92,0.0,21,red
28025,0.76,0.0,27,red
28023,0.35,0.0,27,red
28021,1.99,0.0,27,red
28019,0.88,0.0,27,red
28017,2.74,0.0,27,red
28015,11.44,0.0,27,red
28013,1.13,0.0,27,red
28011,335.69,0.0,5,red
28109,0.95,0.0,27,red
28003,0.16,0.0,27,red
28163,37.89,0.0,43,red
47133,0.02,0.0,27,red
47135,0.0,0.0,27,red
1041,0.58,0.0,27,red
1043,0.91,0.0,0,red
1045,2.08,0.0,0,red
1047,3.2,0.0,0,red
1049,2.64,0.0,0,red
1051,3.08,0.0,38,red
1053,1.74,0.0,0,red
1055,1.0,0.0,38,red
1057,0.37,0.0,27,red
1059,0.84,0.0,0,red
1061,5.47,0.0,27,red
1063,0.45,0.0,27,red
1065,1.07,0.0,27,red
1069,7.55,0.0,38,red
1073,5.88,0.0,48,red
1075,0.24,0.0,27,red
1077,1.8,0.0,0,red
1079,2.58,0.0,0,red
1081,3.17,0.0,38,red
1083,9.75,0.0,0,red
1085,5.73,0.0,27,red
1087,5.92,0.0,27,red
1089,9.15,0.0,22,red
1091,0.43,0.0,27,red
1093,0.27,0.0,27,red
1095,2.07,0.0,38,red
1099,0.57,0.0,27,red
1101,6.27,0.0,38,red
1103,1.04,0.0,0,red
31049,20.24,0.0,27,red
31051,16.43,0.0,27,red
31053,40.33,0.0,43,red
31055,9.6,0.0,27,red
31057,100.75,0.0,21,red
31059,81.4,0.0,43,red
31061,67.88,0.0,43,red
31063,45.47,0.0,43,red
31065,34.83,0.0,43,red
31067,48.44,0.0,43,red
31069,34.29,0.0,43,red
31071,18.4,0.0,27,red
31073,71.73,0.0,43,red
31075,1.23,0.0,27,red
31077,74.93,0.0,43,red
31079,220.35,0.0,49,red
31081,173.35,0.0,21,red
31083,56.22,0.0,43,red
31085,51.99,0.0,43,red
31087,25.32,0.0,27,red
31089,272.72,0.0,49,red
31091,3.86,0.0,27,red
31093,119.73,0.0,21,red
31095,79.22,0.0,43,red
31097,15.1,0.0,27,red
31099,178.41,0.0,21,red
31101,96.0,0.0,21,red
31103,33.63,0.0,43,red
31105,21.52,0.0,27,red
31107,53.7,0.0,43,red
24025,0.39,0.0,0,red
24009,0.02,0.0,27,red
51510,0.01,0.0,27,red
24510,0.0,0.0,27,red
24037,0.07,0.0,27,red
24009,0.02,0.0,27,red
24003,0.77,0.0,0,red
24037,0.07,0.0,27,red
24017,0.28,0.0,27,red
51099,0.16,0.0,27,red
51059,1.07,0.0,38,red
51153,1.03,0.0,0,red
51179,0.11,0.0,27,red
24017,0.28,0.0,27,red
51099,0.16,0.0,27,red
51179,0.11,0.0,27,red
51153,1.03,0.0,0,red
24510,0.0,0.0,27,red
24033,1.02,0.0,0,red
51059,1.07,0.0,38,red
51125,0.51,0.0,27,red
51127,0.23,0.0,27,red
51135,0.08,0.0,27,red
51145,0.14,0.0,27,red
51147,0.15,0.0,27,red
51101,1.34,0.0,27,red
51183,0.33,0.0,27,red
51085,1.61,0.0,27,red
47137,0.0,0.0,27,red
47141,0.06,0.0,27,red
47143,0.29,0.0,27,red
47145,0.08,0.0,27,red
47147,0.89,0.0,27,red
47149,0.25,0.0,27,red
47151,0.02,0.0,27,red
47153,0.01,0.0,27,red
47157,2.46,0.0,38,red
47159,0.08,0.0,27,red
47161,0.06,0.0,27,red
47163,0.13,0.0,27,red
47165,0.44,0.0,0,red
47169,0.03,0.0,27,red
47171,0.0,0.0,27,red
47173,0.01,0.0,27,red
47175,0.02,0.0,27,red
47177,1.93,0.0,27,red
47179,0.3,0.0,27,red
47181,0.08,0.0,27,red
47183,1.21,0.0,27,red
47187,1.53,0.0,38,red
45011,3.26,0.0,27,red
37049,3.79,0.0,38,red
13297,2.44,0.0,0,red
37013,3.88,0.0,0,red
13029,0.17,0.0,27,red
45053,0.88,0.0,27,red
37117,1.39,0.0,27,red
45043,2.25,0.0,38,red
45043,2.25,0.0,38,red
37129,2.82,0.0,38,red
37019,7.23,0.0,48,red
37129,2.82,0.0,38,red
37019,7.23,0.0,48,red
37031,2.72,0.0,38,red
37133,7.94,0.0,38,red
37141,4.67,0.0,0,red
37141,4.67,0.0,0,red
37095,0.52,0.0,27,red
37187,3.25,0.0,27,red
37177,0.0,0.0,27,red
1015,3.15,0.0,38,red
1013,0.99,0.0,38,red
1011,2.0,0.0,27,red
1009,1.08,0.0,0,red
1007,0.19,0.0,27,red
1005,2.96,0.0,0,red
1071,1.28,0.0,0,red
1019,2.82,0.0,27,red
1021,0.49,0.0,27,red
1023,0.17,0.0,27,red
1027,0.12,0.0,27,red
1029,0.14,0.0,27,red
17201,0.75,0.0,0,red
17203,0.24,0.0,27,red
17063,0.25,0.0,27,red
17001,1.0,0.0,0,red
17003,2.37,0.0,27,red
17005,0.01,0.0,27,red
17007,0.86,0.0,0,red
17009,0.02,0.0,27,red
17011,5.92,0.0,0,red
17013,0.0,0.0,27,red
17015,1.13,0.0,27,red
17017,9.38,0.0,27,red
17019,4.61,0.0,0,red
17021,0.11,0.0,27,red
17023,5.01,0.0,27,red
17025,0.03,0.0,27,red
17027,0.63,0.04,27,red
17029,0.28,0.0,0,red
17033,5.56,0.0,27,red
17035,0.0,0.0,27,red
17037,0.49,0.04,0,red
17039,0.08,0.0,27,red
17041,0.22,0.0,27,red
17043,2.77,0.07,22,red
17045,0.07,0.0,27,red
17047,0.0,0.0,27,red
17049,0.1,0.0,27,red
17061,0.01,0.0,27,red
17053,0.55,0.0,27,red
1031,3.87,0.0,0,red
1033,2.43,0.0,0,red
1035,0.21,0.0,27,red
1037,0.1,0.0,27,red
1039,3.46,0.0,0,red
1105,0.63,0.0,27,red
1107,1.95,0.0,0,red
1109,1.46,0.0,0,red
1111,0.14,0.0,27,red
1113,7.45,0.0,27,red
1115,1.72,0.0,27,red
1117,5.17,0.0,38,red
1119,0.76,0.0,0,red
1121,4.78,0.0,0,red
1123,0.91,0.0,0,red
1125,5.66,0.0,38,red
1127,0.72,0.0,0,red
1129,0.23,0.0,27,red
1131,0.45,0.0,27,red
1133,0.18,0.0,27,red
1001,3.52,0.0,27,red
18171,0.2,0.0,27,red
18169,0.66,0.0,27,red
18167,1.51,0.0,27,red
18165,0.08,0.0,27,red
18099,1.95,0.0,27,red
18097,0.78,0.0,0,red
18095,0.16,0.0,27,red
18093,0.0,0.0,27,red
18087,7.65,0.0,27,red
18085,7.32,0.0,27,red
18083,8.12,0.0,27,red
18081,0.44,0.0,27,red
18079,0.0,0.0,27,red
18077,0.0,0.0,27,red
18075,0.09,0.0,27,red
18071,2.32,0.0,27,red
18069,0.01,0.0,27,red
18067,0.12,0.0,27,red
18065,0.22,0.0,27,red
18063,0.18,0.0,27,red
18061,0.0,0.0,27,red
18059,0.03,0.0,27,red
18057,1.13,0.0,0,red
18055,0.04,0.0,27,red
18053,0.19,0.0,27,red
18051,0.43,0.0,27,red
18049,7.91,0.0,27,red
18047,0.02,0.0,27,red
18045,0.08,0.0,27,red
18043,0.01,0.0,27,red
18001,0.03,0.0,27,red
18003,0.28,0.0,0,red
18005,4.36,0.0,27,red
18007,0.35,0.0,27,red
18009,0.0,0.0,27,red
18011,0.42,0.0,27,red
18013,0.02,0.0,27,red
18015,0.0,0.0,27,red
18017,0.29,0.0,27,red
18019,0.16,0.0,27,red
18183,0.47,0.0,27,red
18023,0.0,0.0,27,red
18025,0.0,0.0,27,red
18027,0.42,0.0,27,red
18029,0.06,0.0,27,red
18031,0.0,0.0,27,red
18033,0.38,0.0,27,red
18035,0.39,0.0,0,red
18037,0.11,0.0,27,red
18039,6.82,0.0,27,red
18041,0.0,0.0,27,red
18177,0.27,0.0,27,red
18179,0.0,0.0,27,red
18181,1.57,0.0,27,red
18021,0.0,0.0,27,red
18173,0.01,0.0,27,red
18137,0.0,0.0,27,red
21111,2.43,0.0,22,red
21113,0.3,0.0,27,red
21115,0.11,0.0,27,red
21117,0.04,0.0,27,red
21119,0.0,0.0,27,red
21121,0.05,0.0,27,red
21123,0.05,0.0,27,red
21109,0.01,0.0,27,red
21127,0.01,0.0,27,red
21131,0.0,0.0,27,red
21133,0.05,0.0,27,red
21135,0.01,0.0,27,red
21137,0.11,0.0,27,red
21139,0.04,0.0,27,red
21141,1.21,0.0,27,red
21143,0.56,0.0,27,red
21145,0.18,0.0,27,red
21147,0.0,0.0,27,red
21149,0.51,0.0,27,red
28089,0.13,0.0,27,red
28087,4.43,0.0,27,red
28085,0.17,0.0,27,red
28083,169.22,0.0,21,red
28081,0.34,0.0,27,red
28079,0.1,0.0,27,red
28077,0.72,0.0,27,red
28075,0.11,0.0,27,red
28073,0.2,0.0,27,red
28071,0.6,0.0,27,red
28069,0.12,0.0,27,red
28067,0.4,0.0,27,red
28065,0.31,0.0,27,red
28063,0.52,0.0,27,red
28057,0.04,0.0,27,red
28055,34.7,0.0,43,red
28053,90.01,0.0,21,red
28051,39.13,0.0,43,red
28049,0.44,0.0,27,red
28043,1.05,0.0,27,red
28041,0.2,0.0,27,red
28039,0.45,0.0,27,red
28037,0.03,0.0,27,red
28033,10.26,0.0,27,red
28031,0.55,0.0,27,red
28029,0.17,0.0,27,red
47189,0.59,0.0,0,red
47185,0.03,0.0,27,red
47043,0.34,0.0,27,red
47105,0.04,0.0,27,red
47001,0.02,0.0,27,red
47003,0.17,0.0,27,red
47005,0.0,0.0,27,red
47007,0.3,0.0,27,red
47011,0.05,0.0,27,red
47013,0.03,0.0,27,red
47015,0.03,0.0,27,red
47017,0.7,0.0,27,red
47021,0.22,0.0,27,red
47023,0.21,0.0,27,red
47025,0.01,0.0,27,red
47027,0.01,0.0,27,red
47031,0.97,0.0,27,red
47033,1.5,0.0,27,red
47035,0.57,0.0,0,red
47037,3.31,0.0,22,red
47039,0.01,0.0,27,red
47041,0.35,0.0,27,red
47045,5.9,0.0,27,red
47047,1.96,0.0,27,red
47049,0.01,0.0,27,red
47051,0.68,0.0,27,red
47053,1.8,0.0,27,red
47055,0.89,0.0,27,red
47057,0.15,0.0,27,red
47061,0.19,0.0,27,red
47063,0.19,0.0,27,red
47065,1.88,0.0,38,red
47067,0.01,0.0,27,red
47069,0.38,0.0,27,red
47071,0.77,0.0,27,red
47073,0.07,0.0,27,red
47075,5.06,0.0,27,red
47077,0.03,0.0,27,red
47079,1.6,0.0,27,red
47081,0.13,0.0,27,red
47083,0.01,0.0,27,red
47085,0.12,0.0,27,red
47087,0.0,0.0,27,red
47089,0.17,0.0,27,red
47091,0.06,0.0,27,red
47093,0.17,0.0,27,red
47095,5.52,0.0,27,red
47097,4.7,0.0,27,red
47099,0.28,0.0,27,red
38023,1.52,0.0,27,red
38027,0.46,0.0,27,red
38029,6.62,0.0,27,red
38031,2.7,0.0,27,red
38033,0.1,0.0,27,red
38035,8.58,0.0,27,red
38037,0.38,0.0,27,red
38039,1.83,0.0,27,red
38041,0.02,0.0,27,red
38043,15.66,0.0,27,red
38045,4.53,0.0,27,red
38047,1.5,0.0,27,red
38049,19.4,0.0,27,red
38051,0.32,0.0,27,red
38055,4.16,0.0,27,red
38057,1.74,0.0,27,red
38061,0.31,0.0,27,red
38063,0.62,0.0,27,red
38065,5.64,0.0,27,red
38067,0.75,0.0,27,red
38069,0.13,0.0,27,red
38071,0.16,0.0,27,red
38073,15.04,0.0,27,red
38075,0.0,0.0,27,red
38079,0.24,0.0,27,red
38081,9.71,0.0,27,red
38083,0.14,0.0,27,red
38087,0.49,0.0,27,red
38089,0.25,0.0,27,red
38091,1.42,0.0,27,red
38093,3.49,0.0,27,red
38095,0.0,0.0,27,red
38097,0.09,0.0,27,red
34009,1.37,0.0,27,red
34025,3.69,0.0,27,red
34001,15.15,0.0,27,red
34029,8.25,0.0,27,red
34033,7.99,0.0,27,red
34011,18.53,0.0,27,red
24041,2.01,0.0,27,red
24041,2.01,0.0,27,red
24029,3.78,0.0,27,red
24015,1.63,0.0,27,red
51830,0.15,0.0,27,red
51710,0.06,0.0,27,red
51740,0.11,0.0,27,red
51710,0.06,0.0,27,red
24035,9.15,0.0,0,red
8031,1.53,0.77,15,red
6083,55.95,5.83,42,red
6071,33.33,14.5,17,red
22101,0.77,0.0,27,red
47101,0.03,0.0,27,red
47103,1.42,0.0,27,red
47107,0.07,0.0,27,red
47109,0.24,0.0,27,red
47111,0.05,0.0,27,red
47113,2.82,0.0,27,red
47115,0.02,0.0,27,red
47117,0.02,0.0,27,red
47167,2.02,0.0,27,red
47127,0.0,0.0,27,red
47125,0.25,0.0,27,red
47121,0.03,0.0,27,red
47119,0.23,0.0,27,red
47131,2.16,0.0,27,red
47129,0.0,0.0,27,red
28045,0.05,0.0,27,red
26089,1.62,0.0,0,red
18089,4.45,0.0,27,red
18091,24.63,0.0,43,red
26021,11.75,0.0,0,red
26159,17.31,0.0,27,red
26005,14.7,0.0,0,red
26007,0.11,0.0,27,red
26151,0.97,0.0,27,red
26099,1.75,0.0,0,red
26147,0.28,0.0,27,red
26053,0.0,0.0,27,red
1017,0.23,0.0,27,red
26115,1.96,0.0,0,red
1025,0.28,0.0,27,red
28059,0.15,0.0,27,red
1067,5.87,0.0,27,red
47123,0.04,0.0,27,red
47029,0.29,0.0,27,red
47155,0.26,0.0,27,red
47019,0.01,0.0,27,red
47059,1.45,0.0,38,red
47009,0.31,0.0,27,red
47139,0.03,0.0,27,red
1003,58.28,0.0,22,red
26163,0.96,0.0,0,red
28047,0.06,0.0,27,red
26083,0.01,0.0,27,red
26105,2.96,0.0,27,red
26127,4.95,0.0,27,red
26127,4.95,0.0,27,red
26121,2.55,0.0,0,red
26121,2.55,0.0,0,red
26139,8.47,0.0,0,red
26139,8.47,0.0,0,red
26013,0.01,0.0,27,red
26103,0.17,0.0,27,red
26031,0.31,0.0,0,red
26029,0.21,0.0,27,red
26055,1.54,0.0,0,red
26041,0.25,0.0,27,red
26095,1.2,0.0,27,red
26097,0.05,0.0,27,red
26153,0.17,0.0,27,red
26141,0.23,0.0,27,red
26109,0.02,0.0,27,red
26003,0.03,0.0,27,red
26131,0.0,0.0,27,red
26061,0.03,0.0,27,red
26009,9.1,0.0,0,red
26011,0.24,0.0,27,red
26017,1.96,0.0,27,red
26157,3.7,0.0,27,red
26063,0.78,0.0,27,red
26047,0.73,0.0,0,red
26019,0.32,0.0,27,red
1097,10.91,0.0,38,red
26105,2.96,0.0,27,red
28113,0.21,0.0,27,red
5003,159.83,0.0,21,red
5005,0.0,0.0,27,red
5007,0.0,0.0,27,red
5001,1675.81,0.0,25,orange
5011,0.0,0.0,27,red
5013,0.0,0.0,27,red
5015,0.0,0.0,27,red
5017,271.76,0.0,49,red
5019,5.37,0.0,27,red
5021,830.1,0.0,13,orange
5023,0.0,0.0,27,red
5025,0.0,0.0,27,red
5027,0.0,0.0,27,red
5029,4.05,0.0,27,red
5031,496.13,0.0,34,red
5033,2.49,0.0,27,red
5035,256.13,0.0,49,red
5037,593.44,0.0,34,red
5039,0.0,0.0,27,red
5041,628.49,0.0,34,orange
5043,50.16,0.0,43,red
5045,5.49,0.0,27,red
5047,0.01,0.0,27,red
5049,0.24,0.0,27,red
5051,0.0,0.0,27,red
5053,0.0,0.0,27,red
19185,0.0,0.0,27,red
19183,0.11,0.0,27,red
19181,0.11,0.0,27,red
19179,0.0,0.0,27,red
19177,0.0,0.0,27,red
19175,0.0,0.0,27,red
19173,0.0,0.0,27,red
19171,0.01,0.0,27,red
19169,0.1,0.0,27,red
19167,3.06,0.0,27,red
19165,0.01,0.0,27,red
19095,0.04,0.0,27,red
19093,0.0,0.0,27,red
19091,0.11,0.0,27,red
19089,0.15,0.0,27,red
19087,0.0,0.0,27,red
19085,2.75,0.0,27,red
19083,0.01,0.0,27,red
19081,0.65,0.0,27,red
19079,0.03,0.0,27,red
19077,0.03,0.0,27,red
19075,0.05,0.0,27,red
19073,0.06,0.0,27,red
19071,0.86,0.0,27,red
19069,0.14,0.0,27,red
19067,0.5,0.0,27,red
19065,0.15,0.0,27,red
19063,0.05,0.0,27,red
19061,0.19,0.0,27,red
19059,0.71,0.0,0,red
19057,0.68,0.0,27,red
19055,0.02,0.0,27,red
19001,0.02,0.0,27,red
19003,0.0,0.0,27,red
19005,0.0,0.0,27,red
19007,0.02,0.0,27,red
19009,0.0,0.0,27,red
19011,0.2,0.0,27,red
19013,0.16,0.0,27,red
19015,0.02,0.0,27,red
19017,0.21,0.0,27,red
19019,0.01,0.0,27,red
19021,0.05,0.0,27,red
19023,0.13,0.0,27,red
19025,0.16,0.0,27,red
19027,0.11,0.0,27,red
19029,0.01,0.0,27,red
19031,0.04,0.0,27,red
19033,0.19,0.0,27,red
19035,0.11,0.0,27,red
19037,0.1,0.0,27,red
19039,0.0,0.0,27,red
19041,0.52,0.0,27,red
19043,0.04,0.0,27,red
17129,1.51,0.0,27,red
17131,4.53,0.0,27,red
17133,0.72,0.0,27,red
17135,0.24,0.0,27,red
17137,1.09,0.0,27,red
17139,0.1,0.0,27,red
17141,0.27,0.0,27,red
17143,1.06,0.0,0,red
17145,0.04,0.0,27,red
17147,0.3,0.0,27,red
17149,0.04,0.0,27,red
17151,0.22,0.0,27,red
17153,0.77,0.0,27,red
17155,0.46,0.0,27,red
17051,0.04,0.0,27,red
17157,0.07,0.0,27,red
17159,0.06,0.0,27,red
17161,1.77,0.0,0,red
17163,0.56,0.0,0,red
17165,0.11,0.0,27,red
17167,0.53,0.0,0,red
17169,0.22,0.0,27,red
17171,0.02,0.0,27,red
17173,0.1,0.0,27,red
17175,0.0,0.0,27,red
17177,0.22,0.0,27,red
17179,20.97,0.0,0,red
17181,0.08,0.0,27,red
17183,0.67,0.0,27,red
17185,0.84,0.0,27,red
17187,0.1,0.0,27,red
17189,0.06,0.0,27,red
17191,0.52,0.0,27,red
17193,11.17,0.0,27,red
17195,12.82,0.0,27,red
17197,1.78,0.0,38,red
17199,0.35,0.0,0,red
17055,0.22,0.0,27,red
17057,0.07,0.0,27,red
17059,7.4,0.0,27,red
17071,1.6,0.0,27,red
17069,0.01,0.0,27,red
17067,0.38,0.0,27,red
17065,0.1,0.0,27,red
17103,5.57,0.0,27,red
17095,0.32,0.0,0,red
27077,0.77,0.0,27,red
27073,1.44,0.0,27,red
27003,2.22,0.0,38,red
27009,7.8,0.0,27,red
27015,2.0,0.0,27,red
27137,0.23,0.0,27,red
27019,0.26,0.0,27,red
27023,0.33,0.0,27,red
27025,0.24,0.0,27,red
27033,0.54,0.0,27,red
27035,2.31,0.0,0,red
27037,17.01,0.0,38,red
27039,0.12,0.0,27,red
27041,3.06,0.0,0,red
27043,0.06,0.0,27,red
27045,0.1,0.0,27,red
27047,0.34,0.0,27,red
27049,1.59,0.0,0,red
27051,1.62,0.0,27,red
27053,2.8,0.0,38,red
27055,0.05,0.0,27,red
27057,12.28,0.0,27,red
27059,0.51,0.0,27,red
27063,0.07,0.0,27,red
27065,0.01,0.0,27,red
27067,4.39,0.0,27,red
27069,1.17,0.0,27,red
27079,0.47,0.0,27,red
27081,0.15,0.0,27,red
27083,0.19,0.0,27,red
27085,0.1,0.0,27,red
27087,0.09,0.0,27,red
27091,0.11,0.0,27,red
27093,2.43,0.0,27,red
27095,0.2,0.0,27,red
27097,12.26,0.0,0,red
27099,1.0,0.0,27,red
27101,0.03,0.0,27,red
27103,0.14,0.0,27,red
27105,0.17,0.0,27,red
27107,0.28,0.0,27,red
27109,0.23,0.0,27,red
27113,0.47,0.0,27,red
27115,0.13,0.0,27,red
27117,0.29,0.0,27,red
27121,20.31,0.0,43,red
27123,0.91,0.0,0,red
27125,1.32,0.0,27,red
27127,0.21,0.0,27,red
27129,0.26,0.0,27,red
27131,0.68,0.0,0,red
27133,0.12,0.0,27,red
27135,0.02,0.0,27,red
27139,0.4,0.0,0,red
27141,18.36,0.0,0,red
27143,0.05,0.0,27,red
27145,17.61,0.0,0,red
27147,0.28,0.0,27,red
27149,5.01,0.0,27,red
27151,13.94,0.0,27,red
27153,7.46,0.0,27,red
27155,0.0,0.0,27,red
27157,0.41,0.0,27,red
27159,14.25,0.0,0,red
27161,0.05,0.0,27,red
27163,1.97,0.0,38,red
27165,2.31,0.0,27,red
27169,0.14,0.0,27,red
27171,1.85,0.0,0,red
27173,0.11,0.0,27,red
27011,1.05,0.0,27,red
27013,0.4,0.0,27,red
29011,12.96,0.0,27,red
29013,2.56,0.0,27,red
29015,0.82,0.0,27,red
29017,7.86,0.0,27,red
29019,6.15,0.0,27,red
29021,0.52,0.0,27,red
29023,143.79,0.0,21,red
29025,0.12,0.0,27,red
29027,6.31,0.0,27,red
29029,0.06,0.0,27,red
29031,13.48,0.0,27,red
29033,4.05,0.0,27,red
29035,0.28,0.0,27,red
29037,3.26,0.0,27,red
29039,0.68,0.0,27,red
29041,4.5,0.0,27,red
29043,0.08,0.0,27,red
29045,3.7,0.0,27,red
29047,0.74,0.0,27,red
29049,0.34,0.0,27,red
29051,1.0,0.0,27,red
29053,0.86,0.0,27,red
29055,0.04,0.0,27,red
29061,0.16,0.0,27,red
29063,0.02,0.0,27,red
29065,0.52,0.0,27,red
29067,0.42,0.0,27,red
29069,181.22,0.0,21,red
29071,1.47,0.0,27,red
29073,0.43,0.0,27,red
29075,0.06,0.0,27,red
29077,0.37,0.0,27,red
29079,0.62,0.0,27,red
29081,0.06,0.0,27,red
29083,0.68,0.0,27,red
29085,0.18,0.0,27,red
29087,22.14,0.0,27,red
29089,3.2,0.0,27,red
29091,0.16,0.0,27,red
29093,0.56,0.0,27,red
29095,0.39,0.0,27,red
29099,0.36,0.0,27,red
29101,2.2,0.0,27,red
29103,0.34,0.0,27,red
29105,0.24,0.0,27,red
29107,2.13,0.0,27,red
29009,0.43,0.0,27,red
29111,2.37,0.0,27,red
29113,1.52,0.0,27,red
29115,0.37,0.0,27,red
29117,0.52,0.0,27,red
29119,0.35,0.0,27,red
29121,0.4,0.0,27,red
29123,0.18,0.0,27,red
29125,0.22,0.0,27,red
29127,3.6,0.0,27,red
29129,0.22,0.0,27,red
29131,1.57,0.0,27,red
29133,100.56,0.0,21,red
29135,0.26,0.0,27,red
29137,1.24,0.0,27,red
29139,3.76,0.0,27,red
29141,0.25,0.0,27,red
29143,228.58,0.0,49,red
29145,0.34,0.0,27,red
29147,0.4,0.0,27,red
29149,0.47,0.0,27,red
29151,2.66,0.0,27,red
29153,0.16,0.0,27,red
29155,142.72,0.0,21,red
29157,0.96,0.0,27,red
29159,0.52,0.0,27,red
29161,0.08,0.0,27,red
29163,4.34,0.0,27,red
29165,2.0,0.0,27,red
29167,1.56,0.0,27,red
29169,0.13,0.0,27,red
29171,0.28,0.0,27,red
29173,1.32,0.0,27,red
29175,1.26,0.0,27,red
29177,8.93,0.0,27,red
29179,0.04,0.0,27,red
29181,14.06,0.0,27,red
29183,1.25,0.0,27,red
29185,0.6,0.0,27,red
29186,0.24,0.0,27,red
29187,0.11,0.0,27,red
29189,0.6,0.0,27,red
29195,4.02,0.0,27,red
29197,0.0,0.0,27,red
29199,0.46,0.0,27,red
29201,84.2,0.0,43,red
29203,0.06,0.0,27,red
29205,1.82,0.0,27,red
29207,263.71,0.0,49,red
29209,0.15,0.0,27,red
29211,0.18,0.0,27,red
29213,0.1,0.0,27,red
29215,0.08,0.0,27,red
29217,6.23,0.0,27,red
29219,1.22,0.0,27,red
29221,0.04,0.0,27,red
29223,0.46,0.0,27,red
29225,0.26,0.0,27,red
29227,0.12,0.0,27,red
29229,0.21,0.0,27,red
29510,0.0,0.0,27,red
29057,7.59,0.0,27,red
29059,0.28,0.0,27,red
29001,0.1,0.0,27,red
29003,0.34,0.0,27,red
29005,14.2,0.0,27,red
29007,17.59,0.0,27,red
29109,2.64,0.0,27,red
55079,0.45,0.0,27,red
55101,1.59,0.0,27,red
55001,67.0,0.0,43,red
55005,2.76,0.0,27,red
55011,1.52,0.0,27,red
55013,0.22,0.0,27,red
55015,0.06,0.0,27,red
55017,1.42,0.0,27,red
55019,0.8,0.0,27,red
55021,1.85,0.0,27,red
55023,0.16,0.0,27,red
55025,5.76,0.0,27,red
55027,0.67,0.0,27,red
55033,9.0,0.0,27,red
55035,2.1,0.0,27,red
55037,0.01,0.0,27,red
55039,1.48,0.0,27,red
55041,0.1,0.0,27,red
55043,0.6,0.0,27,red
55045,1.32,0.0,27,red
55047,5.07,0.0,27,red
55049,5.25,0.0,27,red
55053,17.65,0.0,27,red
55055,6.44,0.0,27,red
55057,21.19,0.0,27,red
55063,0.55,0.0,27,red
55065,0.59,0.0,27,red
55067,17.49,0.0,27,red
55069,1.42,0.0,27,red
55073,4.71,0.0,27,red
55077,5.91,0.0,27,red
55137,47.87,0.0,43,red
55078,0.0,0.0,27,red
55081,27.42,0.0,27,red
55085,12.51,0.0,27,red
55087,0.84,0.0,27,red
55091,2.19,0.0,27,red
55135,4.75,0.0,27,red
55133,2.0,0.0,27,red
55129,2.61,0.0,27,red
55127,3.84,0.0,27,red
55125,3.38,0.0,27,red
55123,0.32,0.0,27,red
55121,3.77,0.0,27,red
55119,0.07,0.0,27,red
55115,0.24,0.0,27,red
55113,2.51,0.0,27,red
55111,6.44,0.0,27,red
55109,3.35,0.0,27,red
55107,0.47,0.0,27,red
55105,7.39,0.0,27,red
55103,0.96,0.0,27,red
55099,3.0,0.0,27,red
55097,59.66,0.0,43,red
55095,0.31,0.0,27,red
55093,0.27,0.0,27,red
55139,0.78,0.0,27,red
55141,68.52,0.0,43,red
55059,0.48,0.0,27,red
55131,0.6,0.0,27,red
17097,3.69,0.0,22,red
17031,4.37,0.05,22,red
55071,0.29,0.0,27,red
55009,0.45,0.0,27,red
55029,0.67,0.0,27,red
55061,0.22,0.0,27,red
27027,1.51,0.0,27,red
27071,0.56,0.0,27,red
27075,0.01,0.0,27,red
27031,0.07,0.0,27,red
27021,3.34,0.0,0,red
27001,4.1,0.0,27,red
27061,0.21,0.0,27,red
27111,49.69,0.0,43,red
27005,7.11,0.0,0,red
27029,7.83,0.0,27,red
27119,6.39,0.0,27,red
27089,0.06,0.0,27,red
55031,0.91,0.0,27,red
55051,0.43,0.0,27,red
55007,0.12,0.0,27,red
55003,0.02,0.0,27,red
55075,2.81,0.0,27,red
55083,1.05,0.0,27,red
55089,0.54,0.0,27,red
27167,0.4,0.0,27,red
55117,0.53,0.0,27,red
12027,41.39,0.83,47,red
12111,43.76,1.58,15,red
12051,379.14,1.4,45,orange
12049,32.6,0.32,43,red
12055,83.45,0.03,11,red
12097,18.49,5.0,36,red
12105,91.1,4.99,42,red
12061,57.77,3.27,19,red
12093,11.5,0.62,47,red
12043,121.06,0.08,11,red
12085,108.99,2.23,30,red
12087,1.07,0.28,38,red
12103,2.15,4.66,39,red
12115,10.27,7.0,9,red
12115,10.27,7.0,9,red
12011,47.81,4.25,36,red
12021,142.42,9.71,4,red
12086,40.01,0.0,22,red
12099,598.52,22.83,14,orange
5055,356.35,0.0,5,red
5057,0.0,0.0,27,red
5059,2.12,0.0,27,red
5061,0.0,0.0,27,red
5063,95.29,0.0,21,red
5065,0.0,0.0,27,red
5067,595.19,0.0,34,red
5069,359.94,0.0,5,red
5071,0.01,0.0,27,red
5073,13.6,0.0,27,red
5075,255.63,0.0,49,red
5077,334.3,0.0,5,red
5079,265.07,0.0,49,red
5081,33.39,0.0,43,red
5083,0.0,0.0,27,red
5085,901.81,0.0,13,orange
5089,0.0,0.0,27,red
5091,0.23,0.0,27,red
5093,35.25,0.0,43,red
5095,310.99,0.0,5,red
5097,0.0,0.0,27,red
5087,0.0,0.0,27,red
5099,0.0,0.0,27,red
5101,0.0,0.0,27,red
5103,0.0,0.0,27,red
5105,1.46,0.0,27,red
5107,260.19,0.0,49,red
5109,0.0,0.0,27,red
5111,966.93,0.0,13,orange
5113,0.36,0.0,27,red
5115,0.53,0.0,27,red
5117,541.03,0.0,34,red
5119,52.03,0.0,43,red
5121,185.14,0.0,21,red
5123,363.99,0.0,5,red
5125,2.25,0.0,27,red
5127,0.05,0.0,27,red
5129,0.0,0.0,27,red
5131,0.3,0.0,27,red
5133,0.01,0.0,27,red
5135,0.0,0.0,27,red
5137,0.04,0.0,27,red
5139,0.0,0.0,27,red
5141,0.0,0.0,27,red
5143,0.03,0.0,27,red
5145,141.22,0.0,21,red
5147,512.14,0.0,34,red
5149,0.0,0.0,27,red
5009,0.0,0.0,27,red
20195,4.49,0.0,27,red
20193,83.13,0.02,11,red
20191,6.04,0.01,27,red
20189,183.03,0.0,31,red
20187,85.65,0.0,11,red
20185,84.68,0.0,11,red
20183,2.05,0.01,27,red
20181,102.63,0.0,11,red
20179,60.98,0.0,43,red
20177,1.44,0.0,27,red
20175,137.2,0.0,11,red
20173,23.22,0.0,38,red
20171,33.35,0.0,43,red
20169,3.53,0.0,0,red
20167,0.0,0.01,27,red
20165,9.15,0.0,27,red
20163,1.52,0.0,27,red
20161,1.06,0.0,27,red
20159,19.95,0.0,43,red
20157,15.63,0.01,27,red
20155,52.18,0.02,43,red
20153,16.74,0.0,27,red
20151,83.43,0.0,11,red
20149,3.2,0.0,27,red
20147,17.91,0.0,27,red
20145,61.62,0.0,43,red
20143,3.27,0.0,27,red
20141,2.23,0.0,27,red
20139,0.13,0.0,27,red
20137,10.99,0.0,27,red
20135,3.24,0.0,27,red
20133,0.06,0.0,27,red
20131,0.46,0.0,27,red
20129,40.42,0.0,43,red
20127,0.1,0.0,27,red
20125,0.21,0.0,27,red
20123,12.04,0.01,27,red
20121,0.3,0.01,27,red
20119,128.17,0.0,11,red
20117,0.84,0.0,27,red
20115,1.47,0.0,27,red
20113,24.64,0.02,43,red
20111,0.1,0.0,27,red
20109,6.89,0.0,27,red
20107,0.11,0.0,27,red
20105,0.7,0.0,27,red
20103,0.27,0.0,27,red
20101,11.54,0.0,27,red
20099,0.01,0.01,27,red
20097,58.65,0.0,43,red
20095,15.17,0.0,27,red
20093,148.96,0.0,11,red
20091,1.71,0.0,38,red
20089,30.29,0.0,43,red
20087,0.93,0.0,27,red
20085,0.09,0.0,27,red
20083,17.79,0.0,27,red
20081,135.0,0.0,11,red
20079,23.83,0.02,43,red
20077,1.32,0.0,27,red
20075,37.03,0.0,43,red
20073,0.02,0.0,27,red
20071,14.32,0.01,27,red
20069,127.64,0.01,11,red
20209,0.26,0.0,27,red
20001,0.01,0.0,27,red
20003,0.64,0.0,27,red
20005,0.22,0.0,27,red
20007,3.6,0.0,27,red
20009,31.73,0.0,43,red
20011,0.02,0.0,27,red
20013,2.3,0.01,27,red
20015,0.51,0.01,27,red
20017,0.0,0.0,27,red
20019,0.0,0.0,27,red
20021,0.45,0.0,27,red
20023,49.03,0.0,43,red
20025,2.44,0.0,27,red
20027,10.38,0.0,27,red
20029,9.16,0.0,27,red
20031,0.23,0.0,27,red
20033,5.9,0.0,27,red
20035,1.47,0.0,27,red
20037,0.42,0.0,27,red
20039,9.08,0.0,27,red
20041,2.53,0.0,27,red
20043,0.39,0.0,27,red
20045,0.66,0.0,27,red
20047,99.75,0.0,11,red
20049,0.0,0.0,27,red
20051,1.27,0.06,27,red
20053,0.54,0.01,27,red
20055,214.02,0.0,31,red
20057,70.59,3.66,32,red
20059,0.69,0.0,27,red
20061,1.57,0.0,27,red
20063,16.67,0.0,27,red
20065,13.92,0.01,27,red
38105,18.85,0.0,27,red
38001,0.0,0.0,27,red
38003,0.35,0.0,27,red
38005,0.63,0.0,27,red
38007,0.28,0.0,27,red
38009,0.24,0.0,27,red
38011,0.48,0.0,27,red
38013,0.21,0.0,27,red
38015,5.39,0.0,27,red
38017,3.55,0.0,27,red
38019,0.01,0.0,27,red
38021,9.62,0.0,27,red
38101,0.75,0.0,27,red
38103,0.11,0.0,27,red
38059,1.94,0.0,27,red
31007,23.57,0.0,27,red
31009,14.56,0.0,27,red
31011,89.44,0.0,21,red
31013,90.27,0.0,21,red
31015,13.14,0.0,27,red
31017,67.56,0.0,43,red
31019,205.29,0.0,49,red
31021,27.37,0.0,27,red
31023,31.39,0.0,43,red
31025,1.43,0.0,27,red
31027,66.33,0.0,43,red
31029,173.56,0.0,21,red
31033,31.09,0.0,43,red
31035,122.53,0.0,21,red
31037,24.31,0.0,27,red
31039,25.62,0.0,27,red
31041,190.46,0.0,49,red
31043,11.92,0.0,27,red
31045,16.7,0.0,27,red
31047,199.99,0.0,49,red
31109,6.06,0.0,27,red
31111,205.03,0.0,49,red
31113,27.14,0.0,27,red
31115,11.66,0.0,27,red
31117,10.99,0.0,27,red
31119,8.59,0.0,27,red
31121,162.27,0.0,21,red
31123,103.66,0.0,21,red
31125,44.19,0.0,43,red
31127,9.63,0.0,27,red
31129,58.94,0.0,43,red
31131,2.79,0.0,27,red
31133,3.05,0.0,27,red
31135,109.22,0.0,21,red
31137,192.96,0.0,49,red
31139,76.37,0.0,43,red
31141,124.04,0.0,21,red
31143,48.67,0.0,43,red
31145,36.56,0.0,43,red
31147,6.15,0.0,27,red
31149,53.74,0.0,43,red
31151,68.77,0.0,43,red
31153,3.98,0.0,27,red
31155,18.62,0.0,27,red
31157,152.44,0.0,21,red
31159,59.06,0.0,43,red
31161,41.24,0.0,43,red
31163,68.69,0.0,43,red
31185,137.82,0.0,21,red
31169,101.57,0.0,21,red
31171,1.79,0.0,27,red
31173,8.25,0.0,27,red
31175,76.02,0.0,43,red
31177,14.81,0.0,27,red
31179,30.62,0.0,43,red
31181,39.76,0.0,43,red
31183,54.55,0.0,43,red
31001,155.0,0.0,21,red
31167,17.88,0.0,27,red
31005,11.67,0.0,27,red
31003,143.49,0.0,21,red
46123,2.3,0.0,27,red
46121,12.8,0.0,27,red
46119,11.75,0.0,27,red
46115,15.38,0.0,27,red
46102,0.0,0.0,27,red
46111,0.0,0.0,27,red
46109,1.96,0.0,27,red
46107,2.05,0.0,27,red
46105,0.14,0.0,27,red
46101,0.48,0.0,27,red
46099,1.45,0.0,27,red
46097,0.0,0.0,27,red
46091,0.07,0.0,27,red
46089,2.1,0.0,27,red
46087,0.05,0.0,27,red
46085,2.1,0.0,27,red
46083,1.12,0.0,27,red
46079,0.69,0.0,27,red
46077,1.96,0.0,27,red
46073,1.72,0.0,27,red
46071,0.47,0.0,27,red
46129,0.7,0.0,27,red
46135,9.53,0.0,27,red
46137,0.0,0.0,27,red
22111,0.0,0.0,27,red
22107,24.32,0.0,27,red
22097,55.75,0.0,43,red
22093,0.34,0.0,27,red
22085,0.0,0.0,27,red
22083,25.13,0.0,27,red
22081,2.48,0.0,27,red
22079,18.61,0.0,27,red
22073,18.26,0.0,27,red
22069,12.16,0.0,27,red
22067,83.21,0.0,43,red
22061,0.0,0.0,27,red
22059,0.15,0.0,27,red
22055,6.61,0.0,27,red
22049,0.0,0.0,27,red
22043,1.6,0.0,27,red
22041,25.88,0.0,27,red
22039,86.3,0.0,43,red
22035,23.18,0.0,27,red
22031,0.13,0.0,27,red
22029,28.02,0.0,27,red
22027,0.05,0.0,27,red
22025,16.35,0.0,27,red
22021,2.86,0.0,27,red
22017,5.71,0.0,27,red
22015,0.61,0.0,27,red
22013,0.15,0.0,27,red
22011,2.63,0.0,27,red
22005,0.45,0.0,27,red
22003,29.66,0.0,43,red
22001,162.79,0.0,21,red
22065,32.97,0.0,43,red
22095,0.16,0.0,27,red
22119,0.0,0.0,27,red
22121,1.98,0.0,27,red
22123,11.82,0.0,27,red
22127,0.0,0.0,27,red
22115,0.0,0.0,27,red
22089,0.05,0.0,27,red
22091,0.02,0.0,27,red
22077,12.37,0.0,27,red
22037,0.25,0.0,27,red
22033,0.39,0.0,27,red
22009,36.94,0.0,43,red
22063,0.01,0.0,27,red
22125,0.26,0.0,27,red
12019,1.56,0.53,0,red
12013,2.85,0.0,27,red
12007,1.43,1.1,47,red
12003,0.35,0.04,27,red
12001,15.3,1.12,47,red
12107,22.36,1.51,15,red
12023,2.13,2.41,47,red
12109,43.09,2.15,16,red
12041,12.02,0.21,27,red
12047,18.25,0.14,27,red
12067,7.1,0.09,27,red
12073,2.05,17.75,28,red
12121,28.09,0.78,47,red
12125,1.14,0.47,27,red
12079,13.57,0.71,47,red
22019,25.58,0.0,27,red
12083,15.7,5.88,42,red
22053,156.35,0.0,21,red
38053,78.53,0.0,43,red
38025,1.07,0.0,27,red
38085,0.04,0.0,27,red
46117,0.06,0.0,27,red
22047,1.48,0.0,27,red
12063,24.52,1.8,47,red
12063,24.52,1.8,47,red
12035,13.57,2.53,30,red
12045,0.11,0.94,47,red
22113,102.13,0.0,21,red
22045,2.72,0.0,27,red
22103,0.02,0.0,27,red
22071,0.06,0.0,27,red
38077,2.06,0.0,27,red
12059,0.6,0.0,27,red
38099,0.67,0.0,27,red
31165,27.69,0.0,27,red
31031,61.57,0.0,43,red
46093,2.93,0.0,27,red
46103,2.76,0.0,27,red
46081,1.1,0.0,27,red
46033,1.59,0.0,27,red
46047,1.57,0.0,27,red
22057,0.58,0.0,27,red
22051,0.02,0.0,27,red
22075,0.0,0.0,27,red
22007,0.7,0.0,27,red
22099,8.46,0.0,27,red
22109,0.06,0.0,27,red
12091,3.03,4.66,42,red
12113,1.38,1.96,15,red
12033,3.04,0.04,38,red
12039,6.68,0.36,27,red
22023,22.7,0.0,27,red
12045,0.11,0.94,47,red
12037,0.16,0.62,27,red
22117,0.39,0.0,27,red
22087,0.0,0.0,27,red
22105,0.2,0.0,27,red
12031,8.57,1.59,16,red
12089,3.54,0.85,22,red
12131,3.97,4.75,42,red
12117,4.69,3.41,42,red
12095,18.45,12.59,41,red
12119,7.25,5.94,39,red
12069,41.37,4.52,16,red
12009,38.27,6.42,9,red
12127,24.21,4.37,36,red
12071,61.32,11.42,46,red
12071,61.32,11.42,46,red
12015,14.22,2.99,30,red
12015,14.22,2.99,30,red
12087,1.07,0.28,38,red
12087,1.07,0.28,38,red
12087,1.07,0.28,38,red
12133,0.91,0.5,0,red
12005,3.08,0.06,38,red
12131,3.97,4.75,42,red
48127,3.17,0.0,27,red
48131,1.41,0.0,27,red
48215,223.2,0.0,49,red
48247,0.07,0.0,27,red
48249,1.37,0.0,27,red
48283,1.65,0.0,27,red
48311,0.0,0.0,27,red
48427,4.07,0.0,27,red
48479,1.76,0.0,27,red
48505,0.92,0.0,27,red
48047,0.21,0.0,27,red
48025,1.75,0.0,27,red
48061,167.17,0.15,21,red
48273,0.05,0.0,27,red
48355,0.31,0.0,27,red
30043,80.92,0.0,43,red
30045,132.84,0.0,21,red
30051,38.46,0.0,43,red
30055,31.48,0.0,43,red
30057,719.16,0.0,13,orange
30059,209.58,0.0,49,red
30061,1.37,0.0,27,red
30065,72.09,0.0,43,red
30069,54.0,0.0,43,red
30075,78.79,0.0,43,red
30079,71.39,0.0,43,red
30083,322.44,0.0,5,red
30091,19.2,0.0,27,red
30093,11.9,0.0,27,red
30101,18.91,0.0,27,red
30103,107.59,0.0,21,red
30109,1.4,0.0,27,red
30111,418.16,0.0,5,red
35028,0.0,0.22,27,red
40011,5.74,0.0,27,red
40013,6.21,0.0,27,red
40015,61.6,0.0,43,red
40017,4.36,0.0,27,red
40019,0.56,0.0,27,red
40021,3.46,0.0,27,red
40023,0.32,0.0,27,red
40025,136.53,0.0,21,red
40027,0.75,0.0,27,red
40029,0.01,0.0,27,red
40031,0.79,0.0,27,red
40033,0.17,0.0,27,red
40035,0.0,0.0,27,red
40037,0.2,0.0,27,red
40039,13.81,0.0,27,red
40041,0.0,0.0,27,red
40043,4.42,0.0,27,red
40045,11.69,0.0,27,red
40047,2.15,0.0,27,red
40049,0.7,0.0,27,red
40051,27.84,0.0,27,red
40053,2.41,0.0,27,red
40055,6.62,0.0,27,red
40057,28.13,0.0,27,red
40059,17.95,0.0,27,red
40061,0.1,0.0,27,red
40063,4.07,0.0,27,red
40065,67.49,0.0,43,red
40067,0.28,0.0,27,red
40069,2.65,0.0,27,red
40071,5.99,0.0,27,red
40073,11.36,0.0,27,red
40075,2.32,0.0,27,red
40153,5.77,0.0,27,red
40079,4.74,0.0,27,red
40081,0.16,0.0,27,red
40083,1.99,0.0,27,red
40085,0.92,0.0,27,red
40087,1.45,0.0,27,red
40089,1.69,0.0,27,red
40091,0.08,0.0,27,red
40093,19.26,0.0,27,red
40095,2.25,0.0,27,red
40097,0.0,0.0,27,red
40099,0.66,0.0,27,red
40101,9.7,0.0,27,red
40103,0.02,0.0,27,red
40105,0.0,0.0,27,red
40107,0.12,0.0,27,red
40109,3.44,0.0,27,red
40111,0.0,0.0,27,red
40113,1.21,0.0,27,red
40115,0.09,0.0,27,red
40117,0.21,0.0,27,red
40119,0.71,0.0,27,red
40121,0.05,0.0,27,red
40123,2.94,0.0,27,red
40125,1.33,0.0,27,red
40127,0.76,0.0,27,red
40129,3.32,0.0,27,red
40131,1.74,0.0,27,red
40133,0.05,0.0,27,red
40135,1.46,0.0,27,red
40137,1.02,0.0,27,red
40139,324.14,0.0,5,red
40141,16.37,0.0,27,red
40143,4.87,0.0,27,red
40145,2.16,0.0,27,red
40147,0.54,0.0,27,red
40149,8.92,0.0,27,red
40151,5.08,0.0,27,red
40077,0.1,0.0,27,red
40001,0.26,0.0,27,red
40003,3.17,0.0,27,red
40005,0.86,0.0,27,red
40007,55.24,0.0,43,red
40009,11.49,0.0,27,red
48105,0.01,0.0,27,red
48107,33.74,0.0,43,red
48111,259.52,0.0,49,red
48113,6.47,0.01,27,red
48115,48.14,0.92,43,red
48117,97.57,0.0,21,red
48119,4.26,0.0,27,red
48121,2.0,0.0,27,red
48123,0.19,0.0,27,red
48125,7.06,0.01,27,red
48129,22.94,0.0,27,red
48133,2.91,0.0,27,red
48135,0.65,0.0,27,red
48137,0.11,0.0,27,red
48139,0.74,0.0,27,red
48143,5.48,0.0,27,red
48145,5.18,0.0,27,red
48147,10.46,0.0,27,red
48149,0.42,0.0,27,red
48151,3.19,0.0,27,red
48153,73.4,0.0,43,red
48155,1.76,0.0,27,red
48157,22.0,0.1,27,red
48159,0.07,0.0,27,red
48161,0.28,0.0,27,red
48165,278.64,0.0,49,red
48169,8.02,0.0,27,red
48171,2.29,0.0,27,red
48173,22.56,0.0,27,red
48177,2.83,0.3,27,red
48179,25.12,0.0,27,red
48181,2.03,0.0,27,red
48183,0.02,0.0,27,red
48185,0.18,0.12,27,red
48187,0.7,0.0,27,red
48189,182.49,0.0,21,red
48191,24.56,0.0,27,red
48193,0.35,0.0,27,red
48195,130.56,0.0,21,red
48197,10.99,0.0,27,red
48199,0.12,0.0,27,red
48203,0.36,0.0,27,red
48205,295.6,0.0,5,red
48207,35.07,0.0,43,red
48209,0.4,0.05,27,red
48211,2.75,0.0,27,red
48213,0.94,0.0,27,red
48217,1.31,0.0,27,red
48219,102.01,0.8,21,red
48221,6.43,0.0,27,red
48223,2.42,0.0,27,red
48225,1.12,0.0,27,red
48227,3.3,0.0,27,red
48231,0.18,0.0,27,red
48233,45.94,0.0,43,red
48235,0.57,0.0,27,red
48237,0.08,0.01,27,red
48251,0.47,0.0,27,red
48253,2.26,0.0,27,red
48257,0.31,0.0,27,red
48259,0.3,0.0,27,red
48263,0.56,0.0,27,red
48265,0.93,0.0,27,red
48267,2.17,0.0,27,red
48269,0.0,0.0,27,red
48271,2.83,0.0,27,red
48275,25.86,0.0,27,red
48277,5.96,0.0,27,red
48279,151.31,0.32,21,red
48281,0.34,0.0,27,red
48285,4.93,0.0,27,red
48287,0.46,0.0,27,red
48289,0.11,0.0,27,red
48291,12.64,0.0,27,red
48293,0.01,0.0,27,red
48295,31.35,0.22,43,red
48299,0.54,0.0,27,red
48301,0.0,0.0,27,red
48303,150.08,8.18,24,red
48305,58.55,4.02,47,red
48307,1.98,0.0,27,red
48309,4.37,0.0,27,red
48313,0.09,0.0,27,red
48315,0.01,0.0,27,red
48317,31.68,0.0,43,red
48319,4.43,0.0,27,red
48325,33.87,0.21,43,red
48327,3.74,0.0,27,red
48329,0.64,8.93,24,red
48331,4.7,0.0,27,red
48333,5.3,0.0,27,red
48335,11.82,0.0,27,red
48337,0.28,0.0,27,red
48339,2.48,0.0,27,red
48341,133.98,0.4,21,red
48343,0.01,0.0,27,red
48345,7.81,0.0,27,red
48347,0.09,0.0,27,red
48349,0.03,0.0,27,red
48351,0.04,0.0,27,red
48353,9.69,0.17,27,red
48357,67.23,0.81,43,red
48359,3.01,0.0,27,red
48363,1.02,0.0,27,red
48365,1.0,0.0,27,red
48103,0.0,0.0,27,red
48369,129.91,0.22,21,red
48371,138.24,0.0,21,red
48373,0.19,0.0,27,red
48375,0.47,1.15,27,red
48379,0.03,0.0,27,red
48381,5.4,0.0,27,red
48383,17.98,0.0,27,red
48385,0.18,0.0,27,red
48387,3.65,0.0,27,red
48393,6.31,0.0,27,red
48395,41.2,0.0,43,red
48397,0.15,0.0,27,red
48399,4.03,0.0,27,red
48401,0.12,0.0,27,red
48403,0.0,0.0,27,red
48405,0.0,0.0,27,red
48407,0.06,0.0,27,red
48411,6.26,0.0,27,red
48413,1.56,0.0,27,red
48415,5.56,0.0,27,red
48417,0.14,0.0,27,red
48419,0.01,0.0,27,red
48421,220.44,0.0,49,red
48423,0.61,0.0,27,red
48425,0.1,0.0,27,red
48429,0.12,0.0,27,red
48431,0.82,0.0,27,red
48433,0.06,0.0,27,red
48435,0.91,0.0,27,red
48437,64.13,0.0,43,red
48439,3.83,0.0,27,red
48441,1.04,0.35,27,red
48443,0.75,0.0,27,red
48445,79.94,0.0,43,red
48447,0.04,0.0,27,red
48449,1.11,0.0,27,red
48451,45.09,4.7,24,red
48453,3.56,0.0,27,red
48455,0.41,0.0,27,red
48457,0.26,0.0,27,red
48459,0.16,0.0,27,red
48461,5.79,0.0,27,red
48463,32.68,0.0,43,red
48465,2.5,0.0,27,red
48467,0.47,0.0,27,red
48471,0.21,0.0,27,red
48473,8.05,0.0,27,red
48475,2.98,0.0,27,red
48477,0.15,0.0,27,red
48481,125.99,0.0,21,red
48483,13.57,0.0,27,red
48485,11.38,0.0,27,red
48487,17.73,0.0,27,red
48491,0.24,0.0,27,red
48493,9.35,0.0,27,red
48495,1.45,0.0,27,red
48497,1.27,0.0,27,red
48499,0.28,0.15,27,red
48501,83.67,0.14,43,red
48503,0.55,0.0,27,red
48087,33.64,0.0,43,red
48085,3.01,0.0,27,red
48083,0.27,0.0,27,red
48081,0.38,0.0,27,red
48079,66.54,0.0,43,red
48077,1.05,0.0,27,red
48075,10.3,0.0,27,red
48073,0.44,0.0,27,red
48069,219.89,0.0,49,red
48067,0.0,0.0,27,red
48065,70.47,0.66,43,red
48063,0.0,0.0,27,red
48059,0.25,0.0,27,red
48055,0.41,0.0,27,red
48053,0.47,1.33,27,red
48051,11.3,0.0,27,red
48049,6.77,0.0,27,red
48045,14.78,0.0,27,red
48041,16.33,0.0,27,red
48037,5.75,0.0,27,red
48035,2.0,0.0,27,red
48033,1.69,0.0,27,red
48031,1.2,0.0,27,red
48029,8.1,0.0,27,red
48027,1.64,0.0,27,red
48023,2.57,0.0,27,red
48021,3.39,0.0,27,red
48019,0.53,0.0,27,red
48017,49.06,0.13,43,red
48015,4.42,0.0,27,red
48011,4.0,0.0,27,red
48009,0.0,0.0,27,red
48005,0.1,0.0,27,red
48003,13.05,0.0,27,red
48001,0.61,0.0,27,red
48089,61.56,0.0,43,red
48245,58.5,0.0,43,red
48091,0.47,0.0,27,red
48093,18.91,0.0,27,red
48095,4.01,0.0,27,red
48097,0.57,0.0,27,red
48099,0.32,0.0,27,red
48101,3.5,0.0,27,red
48367,0.95,0.0,27,red
56015,666.98,0.0,34,orange
56027,42.72,0.0,43,red
56041,382.99,0.0,5,red
48361,1.7,0.0,27,red
30053,12.84,0.0,27,red
48039,47.11,0.0,43,red
48071,76.57,0.0,43,red
48167,2.82,0.0,27,red
8085,671.64,0.0,3,orange
8113,47.09,0.0,43,red
8051,520.53,0.0,3,orange
8005,3.56,0.18,38,red
8123,366.35,0.0,45,orange
8039,15.14,0.0,27,red
8093,33.64,0.0,43,red
8019,0.0,0.0,27,red
8001,87.03,0.22,11,red
8073,4.54,0.0,27,red
8049,183.29,0.0,31,red
8059,22.27,0.0,22,red
8053,20.45,0.0,43,red
8091,94.26,0.0,11,red
8007,41.95,0.0,43,red
8029,341.47,0.0,8,orange
8077,756.96,0.0,44,orange
8037,132.14,0.0,31,red
8033,4.16,0.0,27,red
8083,185.09,0.0,31,red
8107,171.63,0.0,31,red
8117,50.12,0.0,43,red
8081,121.18,0.0,11,red
8069,119.13,0.0,11,red
8057,340.4,0.0,8,orange
8035,11.74,0.72,15,red
8067,322.14,0.0,8,orange
8013,103.76,0.09,11,red
8119,2.48,0.0,27,red
8027,34.78,0.0,43,red
8101,265.53,0.24,8,red
8055,38.07,0.0,43,red
8079,7.02,0.0,27,red
8021,293.97,0.0,8,orange
8065,14.01,0.0,27,red
8109,366.3,0.0,45,orange
8043,95.48,0.0,11,red
8003,136.61,0.0,11,red
8015,115.24,0.0,11,red
8105,557.03,0.0,3,orange
8041,8.58,1.58,15,red
8023,92.85,0.0,11,red
8061,1.71,0.0,27,red
8014,1.38,0.37,27,red
8071,21.09,0.0,43,red
8045,234.45,0.0,31,red
8047,0.0,0.0,27,red
8103,135.75,0.0,11,red
8097,117.31,0.0,11,red
16043,365.64,0.0,45,orange
30097,256.93,0.0,49,red
30095,132.05,0.0,21,red
30077,167.16,0.0,21,red
30099,392.75,0.0,5,red
30067,279.73,0.0,49,red
30031,467.69,0.0,34,red
30063,137.04,0.0,21,red
30039,122.55,0.0,21,red
30037,29.14,0.0,27,red
30107,169.36,0.0,21,red
30009,503.79,0.0,34,red
30047,214.6,0.0,49,red
30089,65.07,0.0,43,red
30029,69.91,0.0,43,red
30035,69.48,0.0,43,red
30073,134.58,0.0,21,red
30049,165.17,0.0,21,red
30081,381.65,0.0,5,red
30071,315.41,0.0,5,red
30003,322.59,0.0,5,red
30087,155.31,0.0,21,red
30085,117.62,0.0,21,red
30105,242.55,0.0,49,red
35043,45.18,0.0,38,red
35049,21.69,0.74,15,red
35039,97.35,0.0,11,red
35053,120.51,0.0,11,red
35057,40.9,0.0,43,red
35061,130.46,0.0,11,red
35001,41.52,1.01,48,red
35006,4.86,0.57,27,red
35059,35.55,0.0,43,red
35045,199.77,0.28,31,red
35027,18.92,0.0,38,red
35003,19.07,0.0,27,red
35051,34.12,0.15,43,red
48389,43.97,0.0,43,red
48109,40.78,0.0,43,red
48043,1.76,0.0,27,red
48243,0.67,0.0,27,red
48377,2.68,0.0,27,red
49047,194.24,0.0,31,red
56013,972.32,0.0,13,orange
56037,112.67,0.0,21,red
56025,127.53,0.0,21,red
56023,480.69,0.0,34,red
56039,102.6,0.0,21,red
56035,651.02,0.0,34,orange
56029,610.95,0.0,34,red
56017,62.39,0.0,43,red
56043,265.39,0.0,49,red
56019,225.09,0.0,49,red
56003,586.95,0.0,34,red
56045,22.76,0.0,27,red
56011,29.54,0.0,43,red
56007,896.48,0.0,13,orange
56001,529.05,0.0,34,red
56009,171.67,0.0,21,red
56005,10.77,0.0,27,red
56021,170.93,0.0,21,red
56033,290.24,0.0,49,red
35031,0.98,0.19,27,red
35055,82.2,0.23,11,red
56031,376.15,0.0,5,red
48163,51.61,0.0,43,red
48175,2.73,0.0,27,red
48255,0.72,0.0,27,red
48297,0.86,0.0,27,red
48323,29.72,0.12,43,red
48507,30.01,0.0,43,red
48013,19.59,0.0,27,red
48469,7.09,0.0,27,red
48007,0.0,0.0,27,red
48409,5.68,0.0,27,red
48391,0.44,0.0,27,red
48201,8.18,0.24,27,red
48201,8.18,0.24,27,red
48141,128.52,10.36,24,red
48229,81.69,0.0,43,red
6031,637.42,8.05,26,orange
6099,1034.16,10.32,12,orange
6113,571.68,0.21,3,orange
16001,224.48,0.0,31,red
16007,253.15,0.0,8,red
16017,7.27,0.0,0,red
16021,136.38,0.0,11,red
16027,918.06,0.0,33,orange
16029,448.03,0.0,45,orange
16033,144.61,0.0,11,red
16047,408.15,0.0,45,orange
16053,536.73,0.0,3,orange
16061,47.18,0.0,43,red
16067,816.83,0.0,44,orange
16071,735.27,0.0,44,orange
16075,425.5,0.0,45,orange
16079,1.09,0.0,0,red
16081,405.66,0.0,45,orange
35009,127.56,0.0,11,red
35011,36.97,0.0,43,red
35019,18.43,0.0,27,red
35021,2.26,0.0,27,red
35029,103.36,0.0,11,red
35037,39.24,0.0,43,red
35041,165.97,0.0,31,red
32001,163.78,0.0,31,red
32009,53.29,0.0,43,red
32013,440.78,0.0,45,orange
32021,9.4,0.0,27,red
32029,0.0,0.0,27,red
32027,156.31,0.0,31,red
41025,418.27,0.0,45,orange
41001,253.12,0.0,8,red
49043,46.01,0.25,38,red
49033,117.24,0.0,11,red
49031,37.06,0.0,43,red
53039,22.88,0.0,43,red
53019,2.41,0.0,27,red
53021,361.96,0.0,45,orange
53051,0.32,0.0,27,red
53065,6.49,0.0,0,red
53075,2.24,0.0,27,red
6051,58.53,0.03,43,red
16063,248.53,0.0,8,red
16051,619.73,0.0,3,orange
16085,13.36,0.0,0,red
16015,3.81,0.0,27,red
4003,217.57,0.74,31,red
4023,6.97,0.06,38,red
4009,183.54,0.0,31,red
41017,70.35,0.0,22,red
41031,127.84,0.0,11,red
4007,3.05,0.44,38,red
4013,1232.8,83.78,2,purple
4012,612.86,0.09,3,orange
4019,92.26,10.2,41,red
4021,935.11,2.71,40,orange
4027,1079.69,1.35,10,orange
4015,111.85,3.02,30,red
4025,31.14,0.76,22,red
4005,0.28,2.54,30,red
4017,10.41,0.07,22,red
4001,1.95,0.0,27,red
6053,168.86,11.5,37,red
6041,41.02,3.14,32,red
6023,59.97,0.19,43,red
6091,23.36,0.0,43,red
6073,118.28,12.25,4,red
6065,741.79,41.39,7,green
6025,1850.34,0.3,18,orange
6019,1616.63,36.58,23,green
6037,34.6,25.36,20,red
6111,85.11,5.24,36,red
6029,1617.68,47.09,1,green
6069,15.12,0.12,0,red
6047,970.62,1.5,33,orange
6109,3.15,1.99,47,red
6043,17.45,0.01,27,red
6039,772.43,0.57,44,orange
6107,1395.96,19.86,29,green
6057,48.44,0.24,38,red
6003,9.69,0.0,27,red
6011,695.25,0.03,3,orange
6063,102.78,0.44,11,red
6077,1190.25,3.38,35,orange
6101,636.09,0.05,3,orange
6035,88.68,0.46,11,red
6093,201.48,0.53,31,red
6033,52.79,0.76,47,red
6105,10.72,0.01,27,red
6049,171.49,0.05,31,red
6085,8.1,1.3,15,red
6001,9.51,0.88,15,red
6055,102.7,0.79,11,red
6017,26.78,0.18,38,red
6061,133.48,3.56,32,red
6115,314.62,0.07,8,orange
6005,20.75,0.98,47,red
6009,8.8,0.29,0,red
6089,160.97,0.54,31,red
6021,660.65,0.01,3,orange
6103,269.33,0.09,8,red
6007,752.68,0.23,44,orange
6027,17.5,0.44,0,red
16073,773.82,0.0,44,orange
16011,841.92,0.0,44,orange
16049,89.23,0.0,11,red
16035,32.42,0.0,43,red
16069,151.21,0.0,31,red
16009,10.3,0.0,27,red
16057,182.94,0.0,31,red
16055,85.72,0.0,22,red
16059,90.89,0.0,11,red
16023,191.12,0.0,31,red
16019,771.68,0.0,44,orange
16077,539.99,0.0,3,orange
16039,377.85,0.0,45,orange
16025,317.58,0.0,8,orange
16087,414.54,0.0,45,orange
16045,147.15,0.0,11,red
16083,1319.41,0.0,35,orange
16031,973.02,0.0,33,orange
16005,218.52,0.0,31,red
16013,215.3,0.0,31,red
16065,364.36,0.0,45,orange
16041,305.83,0.0,8,orange
16003,35.05,0.0,43,red
35005,130.81,0.0,11,red
35025,148.17,0.0,31,red
35047,32.98,0.0,43,red
35007,54.07,0.0,43,red
35033,11.52,0.0,27,red
35035,20.9,0.47,0,red
35017,31.69,0.2,43,red
35023,46.26,0.0,43,red
35013,372.57,0.37,45,orange
35015,137.42,0.0,11,red
32007,349.23,0.0,8,orange
32033,92.87,0.63,11,red
32003,34.48,1.77,19,red
32005,78.89,0.42,11,red
32031,50.29,0.6,22,red
32019,268.29,0.0,8,red
32510,5.88,1.22,15,red
32023,61.81,1.09,47,red
32017,59.15,0.02,43,red
32011,121.61,0.0,11,red
32015,120.04,0.0,11,red
41045,659.19,0.0,3,orange
41061,180.55,0.0,31,red
41069,25.46,0.0,43,red
41039,76.65,0.0,11,red
41057,5.07,0.0,27,red
41007,0.7,0.0,27,red
41009,4.5,0.0,27,red
41067,148.22,0.0,31,red
41071,112.57,0.0,11,red
41047,310.25,0.0,8,orange
41043,94.32,0.0,11,red
41027,49.7,0.0,43,red
41053,64.78,0.0,43,red
41003,76.72,0.0,11,red
41029,333.54,0.0,8,orange
41033,39.02,0.0,43,red
41035,656.33,0.0,3,orange
41013,141.3,0.0,11,red
41037,325.67,0.0,8,orange
41049,206.26,0.0,31,red
41023,37.65,0.0,43,red
41063,133.97,0.0,11,red
41059,292.48,0.0,8,orange
49037,14.29,0.2,0,red
49019,19.01,0.0,0,red
53023,0.55,0.0,27,red
53059,0.51,0.0,0,red
53013,4.51,0.0,27,red
53063,8.64,0.0,38,red
53015,3.17,0.0,0,red
53069,0.1,0.0,27,red
53047,48.93,0.0,43,red
53017,20.93,0.0,0,red
53003,0.39,0.0,27,red
53037,147.09,0.0,22,red
53043,15.44,0.0,27,red
53025,832.42,0.0,44,orange
53007,26.42,0.0,38,red
53001,155.35,0.0,31,red
53071,102.03,0.0,11,red
49053,48.91,2.84,16,red
49021,161.97,2.7,32,red
49025,13.12,0.0,0,red
49001,84.78,0.0,11,red
49017,53.74,0.0,43,red
49055,46.85,0.0,43,red
49041,66.79,0.0,11,red
49007,37.66,0.0,43,red
49015,127.06,0.0,11,red
49027,297.96,0.0,8,orange
49023,61.13,0.15,43,red
49039,197.0,0.0,31,red
49045,83.2,1.6,15,red
49049,236.59,0.68,31,red
49057,79.08,0.0,22,red
49011,44.53,0.63,22,red
49013,307.07,0.5,8,orange
49051,33.47,1.7,47,red
49005,123.01,1.16,11,red
49029,34.97,0.0,43,red
53011,5.73,0.0,38,red
41051,27.28,0.0,0,red
41005,100.35,0.0,11,red
41021,26.34,0.0,43,red
41055,7.49,0.0,27,red
41065,49.03,0.0,43,red
16037,83.62,0.0,11,red
4011,9.4,0.0,27,red
6095,395.52,0.37,45,orange
6013,87.09,3.3,32,red
6087,31.34,1.56,47,red
6097,210.34,9.38,37,red
6045,68.7,0.08,11,red
41011,18.69,0.0,0,red
41041,2.01,0.0,27,red
53035,2.09,0.0,38,red
6081,23.08,0.46,38,red
6075,0.58,0.27,0,red
53029,1.38,0.0,0,red
53049,2.23,0.0,27,red
53077,404.54,0.0,45,orange
53067,6.12,0.0,38,red
53041,7.73,0.0,0,red
53061,4.54,0.0,38,red
53073,30.97,0.0,38,red
53045,1.07,0.0,0,red
53027,6.95,0.0,0,red
53057,18.44,0.0,0,red
53053,5.79,0.0,22,red
53033,8.03,0.0,48,red
53031,0.89,0.0,0,red
6079,78.97,2.31,15,red
6067,442.06,2.16,45,orange
53009,6.47,0.0,0,red
6015,16.42,0.47,27,red
51530,0.0,0.0,27,red
51590,0.17,0.0,27,red
51678,0.0,0.0,27,red
51720,0.0,0.0,27,red
51775,0.03,0.0,27,red
51770,0.23,0.0,27,red
51690,0.06,0.0,27,red
51640,0.08,0.0,27,red
51680,0.03,0.0,27,red
51580,0.0,0.0,27,red
51520,0.06,0.0,27,red
51750,0.0,0.0,27,red
27017,0.07,0.0,27,red
53005,247.32,0.0,8,red
49009,19.45,0.0,27,red
53055,0.11,0.0,27,red
49003,410.36,0.0,45,orange
49035,28.77,0.6,48,red
6059,11.89,7.72,9,red
12103,2.15,4.66,39,red
12129,0.32,0.96,47,red
12065,4.58,0.69,47,red
12123,0.08,0.4,27,red
12029,4.09,0.38,27,red
12075,15.53,0.2,0,red
12075,15.53,0.2,0,red
12017,4.97,1.8,22,red
12017,4.97,1.8,22,red
12053,3.99,1.53,15,red
12101,8.95,2.76,30,red
12081,54.85,7.79,6,red
12081,54.85,7.79,6,red
12057,48.44,2.37,30,red
12057,48.44,2.37,30,red
12037,0.16,0.62,27,red
12077,0.06,0.0,27,red
48321,38.61,0.0,43,red
45053,0.88,0.0,27,red
48241,0.11,0.0,27,red
28061,0.03,0.0,27,red
13159,0.37,0.0,27,red
29097,4.03,0.0,27,red
17079,0.0,0.0,27,red
18073,14.55,0.0,0,red
19099,0.08,0.0,27,red
12129,0.32,0.96,47,red
27007,3.24,0.0,27,red
28035,0.79,0.0,27,red
45013,4.57,0.0,22,red
45013,4.57,0.0,22,red
24021,4.65,0.0,0,red
24031,1.28,0.0,38,red
24043,0.16,0.0,27,red
51610,0.0,0.0,27,red
51600,0.0,0.0,27,red
51540,0.03,0.0,27,red
51685,0.05,0.0,27,red
51683,0.0,0.0,27,red
51630,0.02,0.0,27,red
51013,0.13,0.0,27,red
24025,0.39,0.0,0,red
24005,0.86,0.0,0,red
11001,0.05,0.0,27,red
24033,1.02,0.0,0,red
24005,0.86,0.0,0,red
24003,0.77,0.0,0,red
37091,3.52,0.0,27,red
37073,2.98,0.0,27,red
37131,3.34,0.0,27,red
51175,0.82,0.0,27,red
51041,0.75,0.0,0,red
51081,0.15,0.0,27,red
51087,0.94,0.0,0,red
51075,0.28,0.0,0,red
51065,0.13,0.0,27,red
51053,0.36,0.0,27,red
51049,0.0,0.0,27,red
51033,1.74,0.0,0,red
51025,0.46,0.0,27,red
51007,0.14,0.0,27,red
51036,1.08,0.0,27,red
51159,0.11,0.0,27,red
51109,0.18,0.0,27,red
51111,0.18,0.0,27,red
51117,0.95,0.0,27,red
51036,1.08,0.0,27,red
51057,0.64,0.0,27,red
51159,0.11,0.0,27,red
51057,0.64,0.0,27,red
37091,3.52,0.0,27,red
37015,2.51,0.0,27,red
51730,0.06,0.0,27,red
51760,0.28,0.0,0,red
51570,0.0,0.0,27,red
51670,0.0,0.0,27,red
24047,3.06,0.0,0,red
24047,3.06,0.0,0,red
37041,3.08,0.0,27,red
37139,0.79,0.0,27,red
37015,2.51,0.0,27,red
37143,2.27,0.0,27,red
51095,0.22,0.0,27,red
51710,0.06,0.0,27,red
37029,0.0,0.0,27,red
51800,0.54,0.0,27,red
51550,0.28,0.0,27,red
51133,0.06,0.0,27,red
51115,0.0,0.0,27,red
51115,0.0,0.0,27,red
51103,0.13,0.0,27,red
51133,0.06,0.0,27,red
51073,0.04,0.0,27,red
51095,0.22,0.0,27,red
51650,0.04,0.0,27,red
51800,0.54,0.0,27,red
51810,0.91,0.0,0,red
51119,0.52,0.0,27,red
51119,0.52,0.0,27,red
51073,0.04,0.0,27,red
51181,0.3,0.0,27,red
51093,0.56,0.0,27,red
37053,1.56,0.0,38,red
51103,0.13,0.0,27,red
51181,0.3,0.0,27,red
37053,1.56,0.0,38,red
37029,0.0,0.0,27,red
37139,0.79,0.0,27,red
37143,2.27,0.0,27,red
37041,3.08,0.0,27,red
51735,0.0,0.0,27,red
51199,0.07,0.0,27,red
51740,0.11,0.0,27,red
51650,0.04,0.0,27,red
51700,0.18,0.0,27,red
51735,0.0,0.0,27,red
24039,0.42,0.0,27,red
51097,0.88,0.0,27,red
24019,13.55,0.0,27,red
24045,5.31,0.0,27,red
24019,13.55,0.0,27,red
51193,1.71,0.0,27,red
51193,1.71,0.0,27,red
24045,5.31,0.0,27,red
54027,0.0,0.0,27,red
51149,0.41,0.0,27,red
51620,0.0,0.0,27,red
51595,0.0,0.0,27,red
51131,2.34,0.0,0,red
24039,0.42,0.0,27,red
34041,0.65,0.0,27,red
34007,1.86,0.0,27,red
34019,1.11,0.0,27,red
34021,0.64,0.0,27,red
34027,0.82,0.0,27,red
34035,1.53,0.0,27,red
34037,0.48,0.0,27,red
42011,1.21,0.0,0,red
42017,0.91,0.0,0,red
42077,0.82,0.0,0,red
42089,0.5,0.0,0,red
42091,2.65,0.0,22,red
42101,0.37,0.0,0,red
42025,0.27,0.0,27,red
42045,0.74,0.0,0,red
34015,4.95,0.0,27,red
42095,0.49,0.0,0,red
42029,1.63,0.0,38,red
24011,14.95,0.0,27,red
10003,2.18,0.0,38,red
24015,1.63,0.0,27,red
24029,3.78,0.0,27,red
10001,28.03,0.0,43,red
34023,1.94,0.0,27,red
10005,82.7,0.0,11,red
34005,22.5,0.0,27,red
24035,9.15,0.0,0,red
41019,74.81,0.0,11,red
48057,3.0,0.0,27,red
48239,35.29,0.0,43,red
51001,10.7,0.0,27,red
36029,2.01,0.0,38,red
36061,0.0,0.0,27,red
51199,0.07,0.0,27,red
48261,0.0,0.0,27,red
48489,34.17,0.0,43,red
26033,0.15,0.0,27,red
41015,7.05,0.0,27,red
